"student_id","final_score","grade","pass_fail","previous_score","math_prev_score","science_prev_score","language_prev_score","daily_study_hours","attendance_percentage","homework_completion_rate","sleep_hours","screen_time_hours","physical_activity_minutes","motivation_score","exam_anxiety_score","parent_education_level","study_environment"
"S0001",60.1372408,"D",1,60.5997065366049,61.4882115412712,53.5681192182458,64.9722919072676,1.42720281600945,75.7384054,68.53437138,6.80935214396213,3.31309635966865,65.059424803337,4.15002467710355,6.10410300996788,"Master","Noisy"
"S0002",99.0219765001139,"A",1,92.2892868525454,85.6125650589949,91.8737589894019,89.040460718304,4.813611518,89.6027363018796,91.9901971862817,5.56779347816611,4.92535930781756,76.0166171621431,8.71469290236253,1.9823580764772,"High School","Quiet"
"S0003",70.5229549222622,"C",1,80.2596667996273,82.16065605,72.7360649294723,74.2436625226816,1.24090777960119,81.4954255712819,69.66966629,6.7028749604233,5.107888459,113.616872423114,5.92821973444522,4.46366152780036,"High School","Moderate"
"S0004",63.448537269766,"D",1,72.926216630837,75.9791453572561,76.726496449285,67.71599457,2.19060111027312,71.4720470228615,71.97675743,7.85443856805934,3.77244557160585,108.686690419996,4.22492774121796,4.74047429917539,"High School","Noisy"
"S0005",66.4830187712676,"C",1,48.581025224334,51.3799774639892,48.9932239890065,46.1450106183594,2.19226480468002,64.27658206,68.9405910069558,7.66242889881889,1.89898906747538,42.1072943060266,9.5068152412575,1.14385238753458,"Master","Quiet"
"S0006",49.088060589917,"F",0,48.5796986184911,53.9836022462643,41.2919411211665,46.82009203,2.28160514456086,61.6243972991664,71.3201425834714,7.30293041309039,3.3387911547879,45.5510686694217,4.8378539812575,5.58805698584391,"Bachelor","Noisy"
"S0007",48.4532340023199,"F",0,43.194598669251,47.3642094419955,41.6485532840017,39.3446183382637,1.65714737308964,59.8769795511044,70.61607007786,6.53411389871303,5.84036251454839,62.187649463002,7.31067570235417,1.61865789145565,"Master","Quiet"
"S0008",84.6135761243998,"B",1,87.6396880176214,89.9355884137636,83.8789059896685,81.159104696372,4.13264572369479,81.9471732550595,88.40418078,6.76904404538242,4.76493096519593,56.1669479301607,5.64432524457729,3.57135378512246,"Bachelor","Quiet"
"S0009",66.451908607436,"C",1,73.0613256458765,72.7104970885832,74.6571981979724,70.7807215085055,1.48999144786396,71.631034949027,61.1531260315257,6.94908907761535,5.05581301939566,85.32938578,4.39115681310815,6.29733916145342,"Master","Moderate"
"S0010",74.2095095844803,"C",1,78.94399178,70.6391871112025,85.6462440088982,79.8511248793524,3.53962663661265,69.68530294,84.2885833782078,7.84844859236397,1.1641274940962,111.249844298809,4.29953491398027,5.46595755087383,"Master","Quiet"
"S0011",42.7159535635083,"F",0,41.1321471862691,43.2802382819321,31.7562848380404,44.107294515447,1.49538410682327,57.2253583514957,59.0690305043829,6.84187222122212,3.3392973131708,116.606238750533,4.69334019301803,6.89580710861842,"Bachelor","Quiet"
"S0012",76.547557250928,"C",1,93.3450418689097,94.3834803047252,93.9201722646468,90.5579266033681,1.28214255037183,87.6394181940756,71.9241450434273,6.33207384450929,4.23310566828778,88.8242657281704,4.42820208333628,6.0729271927283,"Master","Quiet"
"S0013",97.92513076,"A",1,85.78434524,87.1422394300001,84.98368127,83.719356133306,4.63771801474351,76.1512873948741,93.5452071913614,6.330464147,5.15016341814037,105.434328126098,8.56334869311954,1,"Master","Moderate"
"S0014",56.7318381863675,"D",1,51.6786510873052,45.2949082082036,55.0353514695575,47.0451595430686,1.76051506527482,65.9177367260107,71.7632345836502,7.78315426785118,1.24636826791386,77.2681980207717,6.91339721370058,3.07639718590849,"High School","Quiet"
"S0015",55.2693185479246,"D",1,50.0003731963905,44.5950904943492,51.066356337579,49.8431773445167,4.28500061823882,74.50152872,93.897356600627,6.2633001909757,5.26219442820937,48.7494252174036,6.05735254809388,4.006030845,"Bachelor","Quiet"
"S0016",58.3838347968263,"D",1,50.0872480419389,55.3530123086034,46.3274013832448,45.8451048709848,3.17852348442854,70.1589067972306,76.86256459,7.03456793645285,3.74200468370956,77.221957088413,6.51021346079204,2.76139622596625,"Bachelor","Quiet"
"S0017",53.4724834961444,"D",1,56.7333233627746,56.5355475934913,55.1380536844415,59.5989624289806,1.31142607843508,76.5843692269899,63.0844872382871,7.62360411098612,1.9865698528803,79.9574341293886,9.573680413,1,"High School","Noisy"
"S0018",81.7382445986028,"B",1,68.8616037397731,72.26910723,64.8814744557556,59.9322712801025,4.821792766,76.3864412545502,102.137941554076,7.64070689096054,2.5862760822485,96.8211807792201,9.46451087642888,1.23687901738062,"Bachelor","Moderate"
"S0019",61.0106184493023,"D",1,63.7569760253164,63.8985679059687,69.1370117183094,61.9588276630541,1.987844668,77.7160371275904,68.9371400042442,7.91850315679215,2.4096477587578,49.7894690736614,8.29405888073546,2.55121441630663,"High School","Noisy"
"S0020",84.0949842571972,"B",1,56.0176027108923,56.166383408371,56.124160954252,57.523139406851,4.43858138141043,64.3889777031072,100.351378543359,6.94271515780671,3.65429517144238,63.1479343878059,9.30809426453013,1.29568720502283,"Bachelor","Moderate"
"S0021",63.3945947996169,"D",1,73.6519092097309,78.3433282396109,83.1578626384959,74.57108179,1.67524002313826,73.6042532697555,71.8599771952919,6.96858319755947,1.25842839955566,62.762472229311,5.91788816552575,5.59742992879805,"Bachelor","Moderate"
"S0022",74.75526749,"C",1,47.67216234,45.0919386947754,47.3688582667892,61.1373306557648,4.41577152856741,50.1403801372438,98.7522895589658,7.289643714,1.79268079249962,116.349563616705,6.2866559560497,3.1715708079387,"Bachelor","Noisy"
"S0023",57.292057129579,"D",1,56.06795567,56.5485595541419,52.5259218348847,57.8169557922765,1.05291525162118,73.9647052,58.2308686548468,6.50299171863963,5.06346521687891,69.95504643,7.68227309112537,3.99199767494576,"Bachelor","Moderate"
"S0024",66.1672822793391,"C",1,60.149901381153,57.8385249376278,52.5813294180889,55.129628396943,3.04712182627792,77.7765705896759,75.07200602,6.58320963579124,1.66301995373406,97.9584570568332,7.74175568378358,1.35732319766226,"High School","Moderate"
"S0025",77.1001868786772,"C",1,65.083849131937,62.91136799,56.0681507506572,64.6065278964916,4.07777031768623,69.7760383392321,87.70976515,8.044237856,2.16698134729063,97.5730243236995,6.89019902807405,2.09711540855746,"High School","Noisy"
"S0026",84.88824083,"B",1,83.1846778766158,81.6388172592726,75.26399816,74.3034462092835,4.73918206997113,80.32258041,98.3730254030449,7.091133047849,3.26685302802079,53.8989766322917,6.40394709062772,1.83609402722303,"Bachelor","Quiet"
"S0027",65.1416529994015,"C",1,50.9820580187098,52.0927268768784,52.31769127,50.579059272226,4.63680854482595,61.7217184409001,99.0970190159213,7.11499508512015,3.58560444056665,81.46827204,9.91708187,1,"Master","Moderate"
"S0028",80.0938843487917,"B",1,68.2828941127486,65.8891510044313,70.82651923,64.1176138277448,4.278499478,76.0547148137618,81.9271377581036,7.23734751184189,4.81805239807079,110.487260398678,8.92674175670635,1,"High School","Noisy"
"S0029",84.4285939816414,"B",1,72.5828012874123,78.8615819152799,64.6768477772517,77.1597526652131,4.55276539864522,81.9160633702224,95.4870879783934,6.71392994492954,3.23666213333094,72.7677947511255,6.60988118732827,3.91605609292638,"Bachelor","Moderate"
"S0030",55.6521465975495,"D",1,42.5547726995999,38.0817361885024,47.0299642699805,39.80707133,1.79687874334831,52.5635264803947,68.759233560099,6.80222403388871,4.94932310517769,115.060575660829,8.363754863,1.88013607818304,"High School","Noisy"
"S0031",72.6599102540959,"C",1,73.4149668545791,72.4806086337723,70.9996615961619,72.8311372756029,2.13673718284692,78.7546760805008,69.9796505468914,6.71754847788085,4.09173153522729,49.3012406391745,5.61737015951476,3.18965646946611,"Master","Quiet"
"S0032",48.1358623173448,"F",0,49.378826802801,47.1801715114302,50.1127918627288,46.201037595779,2.15587409968423,63.3060545428048,78.0151101919217,7.43830695735631,1.56549869711911,36.6743195196628,4.60101595742398,5.0062578041502,"Master","Moderate"
"S0033",62.1027685567882,"D",1,43.5778376141904,50.812727035959,51.6389407554675,52.272094373457,2.5082157240068,62.3558907669286,77.1910576113223,7.07940664850855,1.78165719196419,110.230848583027,6.11458615331644,3.51395182559587,"Master","Quiet"
"S0034",96.6622846285822,"A",1,92.1887045489333,93.1714784314912,96.672901128261,90.5824907183438,2.57328268154075,88.3893222828381,82.283786355812,7.87725101866861,3.18516862724885,106.291307816599,6.41783680074036,1.80618095229774,"Bachelor","Quiet"
"S0035",88.690649451806,"B",1,93.1097618191008,98.2689845164439,91.7671085795716,102.272547036497,3.1782212986187,85.6138687156863,80.7024103844359,6.91691589032866,2.9844469654452,119.333088834046,4.09922274736403,4.91983052562261,"Bachelor","Noisy"
"S0036",87.8635188933391,"B",1,84.4618541464054,77.03405228,80.0058930193289,88.5326129569967,1.63951905346577,81.7129928061738,71.0825779971923,6.934415719,4.71772134818647,91.1454139301183,8.88875200981538,1,"Master","Moderate"
"S0037",73.2277460386634,"C",1,56.7537573045354,58.0890086338817,45.9946802978889,59.1640909412123,3.76498665514396,67.30750281,95.8251985240772,5.891390596568,3.90368569898676,114.301913400043,6.15516041433509,5.27846460548586,"High School","Moderate"
"S0038",50.2124432573077,"D",1,45.3719662703511,49.8201202484683,41.776199674139,47.2156320069387,1.67026615721803,67.537564144117,73.2611288185436,7.70779464334152,2.94066540501125,104.42541225757,7.48250899468088,2.708941721,"High School","Moderate"
"S0039",65.734263011973,"C",1,77.6328164581686,78.0442364045458,76.5771652640302,79.6018029492499,2.241233928,80.91020803,66.9516313170382,7.96996515280295,1.85380141725193,105.998369980808,4.44377912362574,6.21838963032176,"Master","Moderate"
"S0040",63.5266682195342,"D",1,64.2083871556781,69.5357890310048,59.2724895199221,54.57002425895,3.01338052242462,73.2071112665258,78.8654248365343,7.40846140166041,2.13418551162748,81.2227413408841,5.0499809725035,3.45138353034728,"Bachelor","Moderate"
"S0041",56.6925610535805,"D",1,46.7121029164628,44.125660665961,46.0558180810013,45.3176859457091,4.18576224609391,57.00129285277,90.1317989336901,6.723277239,3.8775050923453,64.412813812504,9.33816235196536,1.85605213104863,"High School","Noisy"
"S0042",80.2380327157904,"B",1,67.2347300561199,74.2814672570478,67.61898947,71.4605199120415,3.95787693295491,71.7244663119942,92.0250420049307,7.26484179545709,3.11719402449896,114.110226528895,7.6521251672968,3.64897689572729,"High School","Moderate"
"S0043",55.1052808977371,"D",1,41.891368661337,53.3858592794333,40.7670887522966,41.6468827439665,3.58213742564209,65.4390301323644,89.2531420314936,8.07200406714914,3.57463754430336,68.8905458054305,9.70170430102291,1,"High School","Quiet"
"S0044",94.94839897,"A",1,90.012622114333,88.1984293121347,86.7626092102157,82.9866728803151,1.62309304232068,85.1947939227861,62.0364670530781,6.56236549759491,1.85338717651117,78.4937430524702,9.9925002063479,1,"Bachelor","Quiet"
"S0045",55.9351496525857,"D",1,54.2328989880009,52.0053863809971,55.0761723478346,53.9708767351136,3.18818138246231,70.4141068419462,82.2210063942078,7.09665431527022,4.31453126172283,70.15028764,6.23116069199857,4.26460488101694,"Master","Moderate"
"S0046",77.2955685425135,"C",1,76.43872564,83.70564803,78.648428887316,84.9592532207465,1.34978600719954,87.0519218213727,53.3982234112147,5.9653832376391,5.26269370427983,80.8336482564177,5.79281838449965,4.85157006903853,"Bachelor","Noisy"
"S0047",57.8008662931096,"D",1,57.14410918,65.0419699135712,51.6921137977034,63.37856776,2.5094527071866,73.7650849385029,82.3042521008755,7.30313154166978,2.2896975339345,72.3454571093095,9.15013633095458,1,"High School","Noisy"
"S0048",75.86275906197,"C",1,68.6037411647796,65.9894410290132,75.6584030635109,68.2937211179494,2.65406612115984,74.7676622708885,73.97879001,6.83878860171293,3.45757112915913,34.3170802721528,9.99166856222472,1,"Master","Moderate"
"S0049",61.5084475648464,"D",1,70.0690653638804,67.96813128,69.5761247024591,74.8263117491708,1.15924575778302,72.4795868309616,61.8717772770526,6.02254987756977,5.87763664510451,109.384336740693,7.77784740539474,1.62477153356011,"Bachelor","Quiet"
"S0050",64.8807488566235,"D",1,50.166995053904,48.7580720096015,50.2612431686282,48.3344599520637,2.09595239787989,52.3157495466725,69.4112754088586,7.19490482464754,2.66620870275364,69.9954437024193,8.77084433506913,1.33957371187699,"Master","Moderate"
"S0051",100,"A",1,93.3271545270507,86.6049019718793,96.8682266433335,84.8077965929171,4.82259786906596,85.8216526511611,103.956116565727,6.24034490997546,3.97523172461881,83.0049283656614,8.69047515289165,2.50670337857027,"High School","Moderate"
"S0052",75.1054280961356,"C",1,82.63230528,78.0390455524403,83.7983859411788,78.0099753442135,4.81453043131876,79.68609016,83.9577721062007,8.07929666776362,1.45097850100122,42.5269022482188,6.13203824931728,3.09691959354151,"Bachelor","Moderate"
"S0053",92.5885738925383,"A",1,91.67244179,86.6517379522701,96.4381249555966,99.48688563,2.40930821701016,87.7880518649921,74.010030458472,5.89390574068153,4.03007501239722,30.3049063184375,7.44562228154252,3.55519821622589,"Master","Noisy"
"S0054",91.6715655125591,"A",1,89.2155042735207,85.376516448,90.6511251,87.8455388643742,1.1724004357933,83.838226,61.1949105704445,7.83543459645724,1.44815886652309,52.0761084279279,8.99834164758528,1,"Bachelor","Noisy"
"S0055",74.1992282910903,"C",1,72.8844988346097,72.7110743976758,69.8223119614075,71.6675789377346,1.71637975731273,74.8403241201209,64.8956156351688,6.09787892074698,5.79617717661911,93.4127428920015,8.12868325756633,1.02368952993678,"High School","Quiet"
"S0056",82.3950179,"B",1,90.7030829262714,91.874156588954,92.5106005523019,89.203891944897,2.56887117373416,76.4545468105996,84.3198444655198,6.04104357498781,4.57831326036156,38.9275077101591,4.126982884,6.69161173445098,"Master","Quiet"
"S0057",60.0873383498686,"D",1,44.8670876128556,52.619590076926,39.1484565762523,54.3877705607206,4.79111879187692,57.7337046606775,93.4745406244903,6.61895200309579,4.94079894067853,111.799869634782,6.0202340133852,4.90170236462242,"High School","Moderate"
"S0058",52.4419914874685,"D",1,50.779057433053,45.787287229359,51.32185596,58.9088520098633,1.56479625414874,67.7727839205293,69.50694343,5.86536791548931,4.52052180385818,49.3520312420566,4.86685417956763,5.98455575719502,"Master","Quiet"
"S0059",51.61385375685,"D",1,42.4875008900796,47.4091128824625,42.3213509368573,53.5814020573203,4.05406337467285,69.8232886007033,92.3218976902589,6.83526335674512,3.94864518038233,48.4134252862598,5.39783327246823,3.28636931931362,"High School","Moderate"
"S0060",70.3935702600325,"C",1,57.8931681919795,56.82322397,56.8525839056168,57.0979421399793,1.43473015749877,68.4589571772617,70.6548978376653,6.31369237446596,3.24956390542753,46.3357165459346,9.43293686494795,1,"High School","Quiet"
"S0061",65.5500273855897,"C",1,61.3772509329215,61.1299323846593,60.7345633757269,62.855373376657,4.92503030956511,72.3276808343314,95.9143576717636,6.64307597251732,5.29186689880531,31.2583541674228,4.22135973346461,6.60162885853871,"Bachelor","Moderate"
"S0062",54.7730690981105,"D",1,54.9241967475643,58.2982942083973,45.5149515200761,47.3409840004603,2.526465996,72.2244891585462,71.59981547,5.80256783187022,5.78417833771532,99.4624921630411,5.31880427177154,4.72273756879235,"High School","Noisy"
"S0063",89.8941472196708,"B",1,85.580563,79.9669528955446,82.83693846,92.9652351339475,4.10093815559622,78.73581182,96.4897310933492,6.72594873212922,3.49518086452041,108.753107812073,5.85741611342939,3.06889104037315,"Bachelor","Moderate"
"S0064",57.3069080240302,"D",1,59.6214329681474,61.5334816990677,60.085657473853,53.7825352118077,2.37036433124453,71.6447867005009,75.8302498540958,6.44967212023869,5.657675246,85.27464324,7.70130443179837,2.75701350732707,"High School","Noisy"
"S0065",57.3207641523202,"D",1,55.4513980328059,56.2836590738712,56.2506799927929,56.5352758516191,3.51067550863523,64.0232484847422,77.3820683529686,6.43872957909611,3.91666454994259,46.93799835,7.20461014051519,2.08058260049334,"High School","Noisy"
"S0066",61.3536223598822,"D",1,69.8482845737037,72.3105408937444,64.7099088690739,64.3617719355395,1.76806433896015,79.2482644793069,64.9841183172851,6.8634417198212,3.69192093448217,55.6750197246792,5.30961689712032,6.48490795127189,"High School","Quiet"
"S0067",54.35091287463,"D",1,47.7508323736119,49.196675593151,54.0793715779354,44.8064982399185,1.58408407718785,64.6324314265646,67.7727540411188,6.26136064994454,3.27241366477678,72.83340276,4.98544640333893,6.55939505907933,"Master","Quiet"
"S0068",82.5764764612801,"B",1,84.1208339414722,96.3973346410267,79.7899597003997,79.9345217862237,4.75225655827253,83.5526760406433,101.711386690458,7.7015061595029,2.0464388076506,115.891135646097,5.42078820757671,5.18330921877885,"Bachelor","Noisy"
"S0069",60.2202992849249,"D",1,44.1002854023874,40.9115854811308,48.9475714050211,41.0609090990083,4.67058911161773,58.1371497141007,93.3097378502126,8.5768774115483,1.0185983040903,52.2616234635968,7.01517776020993,4.345828945,"Master","Moderate"
"S0070",89.1255386267776,"B",1,94.2787815130284,91.6237967380194,96.4147533223869,91.5831679972836,4.54987576085153,90.6745525545681,80.92747766,8.73384509367089,2.20753113428031,95.8481313527899,5.62706671426722,4.43772463585616,"Bachelor","Moderate"
"S0071",86.331612722628,"B",1,82.4734623113162,79.3577596791923,79.2423257620971,79.7321183366908,3.50173380066637,91.6602957618132,87.63345394,6.98099931592787,3.54861585801783,69.5503400963628,9.68561500964633,1.07982248472868,"High School","Quiet"
"S0072",64.3178135528771,"D",1,50.9293624843795,48.1519768885782,59.805916947427,55.096032043281,4.23307284486511,60.4251227650487,86.2291249989313,7.52416214200897,2.89979976129876,56.806261352402,6.78319132857309,4.69452896672899,"Master","Moderate"
"S0073",39.4366368300002,"F",0,40.3037164417981,37.1167808052655,34.3355322830157,34.7794024764855,1.2761477476455,58.4530631826614,52.6747834858429,6.1369593215423,3.24242614001317,71.0324343319902,4.35277609926782,5.892722583,"Bachelor","Moderate"
"S0074",80.9768178013451,"B",1,84.8503785650159,90.7954612205536,89.44614943,85.9530857000852,2.33915616756272,83.58322665,59.2299320507065,6.980394834,5.90324109782025,36.4086045787109,8.375598435,1.36921439346592,"High School","Moderate"
"S0075",87.8910141467438,"B",1,78.8771539116189,85.97967515,83.8800655018338,84.9669496731467,2.25481249902862,83.3706080157885,76.618029291275,7.56270569635806,2.75136185334664,101.881863383733,5.97307172925394,2.32230631256895,"Bachelor","Noisy"
"S0076",86.3870813404878,"B",1,80.09539424,77.2416627735069,76.7422931968711,77.5294124196873,3.54258128781045,77.2499656946798,86.0689001301294,6.77975886848422,3.26091469680054,51.897173518467,7.92093359234948,1.99593288192902,"Bachelor","Noisy"
"S0077",74.7265874080249,"C",1,82.41986907,78.2580912022059,89.3821955680486,78.830274613989,2.42383109388256,67.0447830831498,73.1100290352644,8.11831707311527,1.6675777567641,95.2870910873673,5.67756622313939,5.14585696142292,"High School","Moderate"
"S0078",53.5693316378978,"D",1,44.072455845375,46.429533627307,42.8222232723802,42.9198327194737,1.59402712657472,68.8321753935076,72.885393080561,7.50082536302185,1.23978866218494,36.1513534303375,7.42446245039992,3.52117097716771,"Master","Quiet"
"S0079",81.3129155460152,"B",1,59.71561507,56.9544998485301,61.1590832163343,65.6142411117386,3.38586830165417,73.66033813,87.0453064316571,6.307873137,4.87704757296247,115.958870054912,8.63291502884479,1.87145003687362,"High School","Moderate"
"S0080",70.8945962598331,"C",1,46.3727982738821,49.5374573626597,47.6744074677382,47.3433364286489,4.25753568267633,54.4716614845077,100.656857040373,7.08164270010578,3.85341587535989,47.3713486865129,9.56805245064732,1,"Master","Quiet"
"S0081",78.6628511014648,"C",1,87.4706884231576,88.4853035274141,86.79914472,84.8146169501196,2.52849397783989,80.697500252681,68.3212624175639,6.027265541019,4.80352403021948,109.446786858637,5.56676286659846,2.45641556445395,"Bachelor","Noisy"
"S0082",70.6420584401131,"C",1,74.2813969755157,66.7026764005295,78.33543834,76.70078023,1.52907486039393,84.9816106353945,65.1179954841694,7.98601818387015,1.74931399443276,102.852588865389,6.00914170599389,3.49564319600138,"Bachelor","Moderate"
"S0083",62.2423482229633,"D",1,58.19939137,65.936917373546,62.1668349696568,52.6879306177136,1.78675278925129,76.3386777757372,59.7839610177729,6.31426193726254,3.85914385591345,117.107393167327,6.78559852171564,2.91005660723041,"Bachelor","Moderate"
"S0084",60.66479366,"D",1,43.49570927,52.4750976312089,34.7530493995404,46.902506817946,1.94993322067754,66.4410547462604,68.352420547498,6.79450889357634,2.26821237170688,73.0101594851175,9.56304902641593,1,"Master","Quiet"
"S0085",68.529951921659,"C",1,57.1040276943614,54.0400842419395,63.6257289087522,59.1470642328703,2.19959037197814,67.67145168,70.7528244509481,6.9030623804458,2.1403090845001,95.4657564461356,9.40832114086394,1.21023521611398,"High School","Quiet"
"S0086",67.5422246887245,"C",1,57.8850827114711,55.9465749117912,49.5726227712927,56.3460403557767,3.57118028202524,69.35747845,88.8448710065677,8.06246099767858,1.05763007026493,63.3639591334006,4.53926968060383,7.44640673041101,"Master","Moderate"
"S0087",77.608074713722,"C",1,80.1283398085935,81.557666762218,85.29107083,75.9354108163574,3.40378193815088,79.4095408786661,84.2656387872183,7.19610123388654,1.65170361784536,46.5931414217724,4.79157895452287,5.33195024731823,"Bachelor","Moderate"
"S0088",74.1833361408165,"C",1,75.0656609245367,76.7379448744719,80.6991866086747,70.6322563131194,3.78431944626816,83.1740293786125,90.9602301540811,6.56209994056687,2.54634055749848,69.8768339640104,6.97305506398383,2.81021314685971,"Bachelor","Quiet"
"S0089",82.5526697166145,"B",1,88.796700841698,92.0894222050621,83.341868690622,91.4707875234275,2.45000793812605,80.0191383883734,78.01728005,7.22184185914569,1.5843938029547,44.9174113849609,4.63971563683254,5.10106255016337,"High School","Noisy"
"S0090",72.2946902851595,"C",1,65.9718208839072,76.022843577739,63.9177494441343,72.1167233963525,4.29599060751991,68.9569121675326,103.734549462115,6.20519115404335,5.92929220205469,118.384016050775,6.07348524009219,4.05089952681553,"Master","Quiet"
"S0091",39.8353307554593,"F",0,46.5776835266066,45.6929473891363,41.0491601841769,43.3911447914626,1.81635064462304,68.3402146974834,66.5870231697998,6.64656478538188,2.54316324261975,38.6621842026645,4.89031226930487,4.28139397034673,"Bachelor","Moderate"
"S0092",78.4644494501452,"C",1,79.2284632972647,75.2369770745725,78.153858145821,81.5203968150221,2.87616299007262,79.3924243710746,74.0565163973942,6.92867352542934,1.65161973351164,83.0290551107358,7.81624213079131,2.30395642795474,"Master","Noisy"
"S0093",90.2459428012062,"A",1,81.8431776739294,74.9465815338567,80.3030062530007,71.408042580919,4.20375488616572,87.8139256142337,93.2679669382393,8.45702469780785,1.99541156413979,86.381746972865,9.69697259,1,"Master","Noisy"
"S0094",79.8198967559503,"C",1,70.8702458663223,67.21559567,74.76854853,67.9471572130363,1.72063459093048,72.0775618982584,63.1949457736071,6.38816245558084,3.93851614170738,78.4271588586649,9.98040262176629,1,"High School","Noisy"
"S0095",70.4736163973835,"C",1,82.4031948975009,82.2375600331319,88.95473863,82.2479002331463,1.43945245496313,80.92770565,71.80432839,7.44241352981631,1.32021761932394,89.596729714065,6.25144679498149,4.20609513902329,"High School","Noisy"
"S0096",80.83042775,"B",1,67.1587578000415,76.1315471176304,74.1371768539913,62.6103407151323,4.53473587075196,68.967313975801,93.9312685127934,6.22273030438862,5.31217065070578,40.4562697510702,7.59407582268767,2.83967178666086,"Bachelor","Moderate"
"S0097",83.6866437441482,"B",1,68.7503056160097,66.1622491208288,65.9394654831182,64.0677737420617,2.37171865103678,74.4119662151227,70.8893046709979,6.04707207725906,5.80749839618574,79.95166718,9.13760592114449,1,"High School","Noisy"
"S0098",63.363266004335,"D",1,63.5147560097202,64.6336957679147,62.4686466409976,60.17585823,3.73548049963613,64.3646433198661,84.99822639,7.640552239,2.2337371033369,55.8491314014625,4.7047724367783,5.9320977216171,"Master","Quiet"
"S0099",46.4802128570487,"F",0,41.3980519709252,41.3159374905615,32.9808610098205,42.85901561,1.10139441705575,58.2608588806878,64.6060312879157,7.49892857234974,3.2504763429543,114.615845697095,8.137386466,1.19159868802576,"High School","Quiet"
"S0100",63.1269688093755,"D",1,45.9340284846317,51.8759948518722,41.90467815,44.9973833925999,3.7601875536378,55.7857449176753,86.8131406202206,7.51382110768996,1.11067225514749,98.5864488095753,6.45306197,2.45109886664563,"Master","Quiet"
"S0101",51.317608391075,"D",1,41.7286052127704,54.3632673421385,46.5528633782577,30.5374490461455,2.26440524618788,64.3339187723415,69.4357183612269,6.12069551961299,4.20355112363611,117.526303394377,5.23687696168098,3.65867121046402,"Bachelor","Moderate"
"S0102",76.8322563444193,"C",1,75.0025726195079,72.3482287549063,83.0804867372491,64.39907186,1.22296341434977,81.0842330085522,70.5563937316153,7.71633102684557,3.06963029026294,33.3800462766171,6.41652171248465,4.01701989798788,"Master","Noisy"
"S0103",56.3364320930145,"D",1,57.289578959198,54.8423817466069,51.1178345997984,54.2552530699121,3.43925104619247,59.9934758271773,80.1116612586159,7.24724175524933,2.35029233050778,55.6619857662638,4.4557617217895,5.32166335098565,"High School","Quiet"
"S0104",77.7902017033927,"C",1,67.9713880140586,73.192192399404,65.0090667182942,70.25982094,1.96321526429269,80.6551227345322,69.80998301,8.25490524150367,2.03418555308304,47.5880327974514,8.17244289153583,1,"High School","Quiet"
"S0105",87.11059859003,"B",1,89.9161560659351,93.3256135140667,89.7841272811405,76.178631852309,2.547228968,97.4451536650668,78.7338204401264,5.59617243472928,4.2701153882938,31.0039128580647,5.51645601249072,4.96158180270156,"Bachelor","Quiet"
"S0106",53.7906961544847,"D",1,53.7110726031881,62.9446092318683,55.1118783972862,51.21242172243,1.32232324914605,67.0855682352758,55.0665569393752,7.17337606409319,3.08108515516157,51.8093157221689,5.86843387026927,2.6919579989319,"High School","Noisy"
"S0107",57.1462553319467,"D",1,62.5710607669596,65.4907016935895,58.52304317,59.9398214843725,1.58865300437978,68.07995908,68.2878325508274,8.38981423339324,1.898296445,91.08983852,4.72648778944878,5.41333356906943,"Bachelor","Quiet"
"S0108",85.27993955,"B",1,81.5553126198677,79.7588521659324,83.6756178421881,88.4970015109099,2.19190894198338,94.8993092649491,66.6435510424315,6.48970431005069,4.445545407,50.7980029921112,9.18795468333935,1.05054424233371,"Bachelor","Noisy"
"S0109",46.7398059803687,"F",0,52.5838991020392,55.5371732555008,50.2147023666847,50.6587900434749,1.35903800224063,59.6971070595071,67.70429393,6.73964486377764,3.82536141518347,75.8103100934356,6.96066567569643,3.92491140599861,"High School","Noisy"
"S0110",57.17335083,"D",1,44.2338950405836,49.7774129434981,44.1616336861922,46.1488399642883,4.64330505874526,62.21747985,91.6197955278577,6.55974776340092,5.29336027464748,109.90363034685,7.4328812667184,4.34880351974845,"Master","Noisy"
"S0111",68.8064168482553,"C",1,55.9363299102572,60.0387408162441,58.6677511502757,56.6426156106946,1.02418817273591,68.8662763182882,63.7057268866034,7.24438824224278,1.58737949438246,92.4382128314168,7.41659609856913,1.21872757553033,"Bachelor","Moderate"
"S0112",61.3591099908767,"D",1,48.8671707989702,51.4035409545067,48.8992821480249,38.2143383999342,2.93544087545725,71.1593235,84.883574086046,6.36546413105695,4.92833301,65.5166162915429,6.46295868724805,3.484567457,"Master","Moderate"
"S0113",78.2580333273807,"C",1,91.1333708788415,96.4667443267873,88.9514414262087,94.97440696,1.49298983253021,87.36538032,69.2370809534661,6.52081727267841,4.3675839340863,63.5222045020897,5.15517949262884,4.56848521232695,"High School","Noisy"
"S0114",86.88817021,"B",1,84.4466208760429,90.2930988282713,83.8985718564138,85.5236034033244,2.23071635791179,79.7301409590792,73.5637468203085,7.21377322754467,1.57505468414049,71.0162232607636,8.4707964909904,1.96295319497056,"Master","Noisy"
"S0115",82.2813484000346,"B",1,74.8372066080733,81.7480015632609,74.3953918120466,77.3785498064462,4.70423823927306,72.6626814520969,95.8858776780821,7.2721971802927,4.4741036493586,45.9337296953916,4.76233759214605,5.45333117878757,"Master","Moderate"
"S0116",81.0043944543834,"B",1,87.9303324603245,91.1738819,86.0802773109138,107.561520992506,1.64677821309595,82.2560571289316,63.5856842492853,7.26821808282847,3.20773644439915,87.0600690674389,4.62324274167286,5.02421101559052,"Master","Moderate"
"S0117",96.6218902643372,"A",1,84.2019642294513,83.366373827867,82.9079839161158,73.7813995319584,4.863329279,77.0663453099999,105.988466242819,6.40783693771789,5.72492392777922,62.7737537194145,8.260870226,1.29822758581013,"Master","Noisy"
"S0118",57.2245334356247,"D",1,50.261353238732,50.9949216708986,58.2545890912556,58.8848364875375,1.82317750795769,65.36980322,64.7342989787387,7.89186847751821,1.7080567530895,106.712881433584,5.2530221227119,3.630527022,"High School","Moderate"
"S0119",88.6744144843745,"B",1,89.0907449169488,95.1232897494906,91.895342156655,87.65350732,3.96626443386732,81.724391559172,84.4773139708232,6.603571997,4.214166954,98.0897394052035,5.84063650811699,5.14722507428952,"High School","Quiet"
"S0120",71.41335172,"C",1,69.66382331,65.5791449504246,68.186421715215,71.1004678273758,3.18670905958925,67.3617226862316,85.1939352710566,6.73992802262913,2.90990022731473,84.9461847682944,6.85136480201044,3.60783937958909,"Master","Noisy"
"S0121",82.2626857576367,"B",1,84.4092085340234,86.2525750783879,87.8939805565771,84.1816473075172,4.53791491038704,88.4803332088862,91.3984650879379,5.9634658418064,5.78407335295439,62.7782000384564,6.69610790037728,4.221660297,"High School","Noisy"
"S0122",94.7630610612795,"A",1,89.2850214957921,87.3183274341553,87.6159240470121,87.1638398288019,3.21597302201252,82.1541481307509,77.40941273,7.20592917761689,2.64987447645138,48.8938648506136,8.25147475039,1.43812911313449,"High School","Moderate"
"S0123",64.6100918178021,"D",1,57.4901911234525,57.63391524,63.3558143113857,54.6410264822587,3.13823687662523,62.4044115368497,74.1643474554035,5.72711528157585,5.810929547459,99.8536677695061,7.74059076066017,1.6025737706454,"Bachelor","Quiet"
"S0124",46.6839879679203,"F",0,46.0528558490222,52.4451151620587,47.9010668100127,47.7003995268873,1.7818320014736,62.18513225,65.4037708174334,6.09764071505554,5.50742925550375,73.7768189091978,7.86637697369119,1.05530795967958,"High School","Moderate"
"S0125",55.5328401717793,"D",1,52.5364339398068,53.4919292799063,51.9999232197857,44.9505654564484,1.66491744820663,66.6100747997417,66.2355993625839,7.0363668260983,2.35191617655328,50.2275034359622,8.28432598393274,2.07459159980792,"Master","Quiet"
"S0126",75.6872890874587,"C",1,63.4909283744441,63.7231111152248,65.7295130034955,67.2438242120529,4.66595660446206,63.0131305593269,97.875024682924,7.55696544967487,5.01770888413214,47.5657153536006,5.75567636454079,3.20453041093097,"High School","Quiet"
"S0128",80.0618696337684,"B",1,87.34018208,91.07144991,81.7063447345499,81.68983538,2.48832901985158,78.4343031960981,77.5177798168448,7.231195636,2.26331501085641,99.9445076585036,6.62798648737332,2.06437093153323,"High School","Quiet"
"S0129",52.748707755255,"D",1,40.3823671792155,43.6097880849209,34.4127421472202,38.1323028892364,4.03929463371355,68.7463276355617,89.4385852393696,7.90768114242241,3.1838858466166,50.6088466770281,5.84477303820116,4.42888708101135,"High School","Noisy"
"S0130",84.96601778,"B",1,68.0911016417661,78.9073752582934,68.8058171155846,74.376847726079,2.35529392969123,76.6653533812667,72.5619609150137,6.98065112721609,3.6009036828338,77.3978037172678,9.909627214,1.65722749338861,"Bachelor","Quiet"
"S0131",85.6310500651374,"B",1,62.9576051731828,61.4187139984178,71.6201801706083,60.2809297381017,4.80824978655601,69.4793026360448,100.633285210136,7.63431203300475,2.47465567901932,70.6391724875751,8.88431155852858,1.71477820073523,"Master","Noisy"
"S0132",69.7628480402156,"C",1,52.2159295758902,53.3116812142099,63.3724303068533,54.0081976669383,3.9517110759952,62.3821259363583,95.8799615745949,7.727015898,1.07632419823015,82.1649809305456,4.98792812953618,5.1877455829556,"Master","Quiet"
"S0133",53.4508672869606,"D",1,46.5925952033526,47.8395136219063,49.7828507105563,42.9378138247752,3.38971697,62.7714590638582,84.5287407,7.036139443,2.10064622098763,108.943941033407,4.03356493529122,4.99795141774689,"High School","Moderate"
"S0134",67.320322969778,"C",1,58.5688344271995,66.4561008260169,61.0730568019218,62.3584436768176,4.52358064217901,72.3483709215162,92.8901521507381,6.15613670623291,2.40968442170879,108.097265107356,4.25669960948361,4.36153120194869,"High School","Quiet"
"S0135",81.5499650730772,"B",1,91.8600337151886,91.38355605,82.8547450444249,95.2875724091396,1.19842363339793,85.8025462146683,57.0199063285516,7.13732829154087,3.21799850659094,70.5968464642374,5.46438070625755,5.30566940266003,"Bachelor","Moderate"
"S0136",50.0276660911899,"D",1,57.7761612611415,59.1712688899932,55.0627922624714,67.01920543,2.02825076875683,67.8022865948865,63.0564813655072,7.0555429800787,1.85551239206701,31.3829625661251,4.68574771502114,6.82039952575381,"High School","Quiet"
"S0137",67.5968551883646,"C",1,68.5334841958851,71.5729667444678,64.5945654363439,67.6556644683891,2.860145337,74.5585935520321,81.932801729054,5.98995076187984,5.36627178345836,68.3799425142873,7.20002868935543,2.3611213201664,"Bachelor","Quiet"
"S0138",74.7909003829523,"C",1,78.6660427392348,79.5990883550166,75.5618047479792,82.0093167630243,1.90791415788608,76.3137267134326,71.9690341970586,6.393139673,4.52455566365668,84.5574183681726,9.147971336,1,"Master","Noisy"
"S0139",80.32854459,"B",1,59.9996281308612,57.7674600581085,59.1589090379372,60.4899658285559,3.97562074920861,68.28378443,92.6430251176194,8.44462998697225,1.426002388,80.1988283188256,8.42050132547936,1,"Master","Quiet"
"S0140",88.2535866525218,"B",1,93.4480145496528,94.4184645141444,91.08756166,99.92737346,4.6768321242149,76.29504508,96.1250240103887,7.92728009441709,4.25046225569966,88.62024952,5.29365437849314,3.72558077784432,"Bachelor","Quiet"
"S0141",93.2257032339888,"A",1,92.9346012218161,98.302759971115,83.0381021699372,89.3404392837725,2.69508047972369,91.3359317651699,83.98547853,6.828119254,4.2682823820281,43.8668159225775,6.39579553615471,3.49054762134624,"Master","Quiet"
"S0142",56.8146618601454,"D",1,53.848026270395,48.7154497733397,57.5875775509827,57.5730528347814,2.3685304,68.4180020368063,71.2647115315517,6.03328462757869,5.78110586821814,88.1881588902659,7.04736525718767,4.55175798364907,"High School","Moderate"
"S0143",89.1406494888384,"B",1,67.34866782,68.0135161948156,61.9849526953822,66.37518134,4.84620292855027,69.8070546918734,103.238375471539,7.10685548424015,1.01510435678081,46.43864569,8.86123509702001,1.81189859521295,"High School","Noisy"
"S0144",62.9274732972227,"D",1,56.5483070399223,53.0477029652265,57.7445413604781,56.2273661543798,2.77940973131016,77.7678284267374,77.6003828381539,7.56237140606432,2.23966224902904,97.5471582627074,9.034729619,1.27035578606976,"Bachelor","Noisy"
"S0145",66.0209428925365,"C",1,55.6662271907607,61.6414603353849,66.0366405395106,56.1249896130026,2.95619360179713,68.2681959973423,76.5201821945746,7.1997655809696,5.63895739687658,60.51788519,9.45830987144666,1,"Master","Quiet"
"S0146",50.125489515175,"D",1,42.0287821044993,34.4128475805804,37.4318591465672,43.2899840866327,2.40659948936762,55.8336731923737,77.028646430265,6.17812893339,5.66066957699142,93.8905890043308,7.05547150301725,2.36136277972679,"Master","Quiet"
"S0147",79.5885630051354,"C",1,73.5260383688943,70.7314291325364,60.8746007551627,72.9448931532845,4.63819389204855,81.0467062917995,98.4301195139055,5.42962235056743,4.60293209685319,34.3079039015496,8.16564847861518,3.23999911889279,"Bachelor","Moderate"
"S0148",53.9834448037885,"D",1,67.6473462775874,69.53340565291,66.2173251681868,68.72091219344,3.2758219331274,75.81391422134,84.5430831276087,6.88637985433645,4.828816605,66.7074023,4.67080222740362,5.52993631335477,"Bachelor","Quiet"
"S0149",57.8369351463682,"D",1,42.8313313187494,50.6589514649211,48.3361294937423,50.7219216065603,4.04869834872658,63.3885655867958,90.8933755975468,8.05547541883055,1.45741478964824,93.4531070037,7.39173375972389,1,"Master","Noisy"
"S0150",60.3668300743548,"D",1,55.3255555330136,54.9968042276487,65.1172928,60.2528039610897,4.24722687340355,65.5339997432489,92.28280333,6.13626342763973,3.56937917389117,50.4183464698345,5.49215085682681,3.83430949527595,"Bachelor","Noisy"
"S0151",82.2321066570388,"B",1,89.954623728166,87.1786260947,83.8068757559039,94.3003966906504,2.36739616766903,87.2297904829732,85.6158216410425,7.44086760489798,2.157914956445,101.57583403175,6.59030131015967,2.55148265806871,"High School","Moderate"
"S0152",69.4827427474217,"C",1,53.1759039866835,62.5816893338864,55.6594001028661,50.8982063565641,2.734777325,65.2791605422363,83.2690564787961,7.65378594264762,1.90609021806809,86.7701759794439,7.80430304984032,1.64943294098222,"Master","Moderate"
"S0153",56.9361484891777,"D",1,47.9692179650173,40.7291484629361,45.64266568,43.5230138238757,4.39388709762506,66.7643162407378,97.5530054511781,6.44799140031053,5.05151649561666,82.8805594934819,5.54191562712269,5.0209950331624,"Bachelor","Noisy"
"S0154",62.1489858512685,"D",1,66.919901815266,55.9258720321656,66.39016004,71.6964046064547,2.45302140670324,63.9352286375798,75.0892098580493,7.1020573354365,1.67519068340274,61.8193968783903,4.31311034678057,5.57944477142518,"Bachelor","Moderate"
"S0155",100,"A",1,94.210774976083,96.4108472263497,107.432491711168,98.59100894,4.1757405338074,84.9360201731456,96.79319134,7.5049911562872,3.34325818498193,73.4206323343006,4.06140313845254,5.86173145454379,"Bachelor","Quiet"
"S0156",63.3979818003799,"D",1,53.3130399331325,50.8027688113695,45.7981882911568,60.6763933118874,4.76396929029775,75.2672954556072,100.229666784935,6.09044276763661,5.69289119793017,83.7614370880068,4.13295721326713,7.18051594805811,"Master","Quiet"
"S0157",77.58204722,"C",1,76.9674551073233,71.8612910216698,78.2361534147962,73.9475519774772,3.49284149227203,74.6483902766602,85.0594386865905,6.678658835,1.92916027782671,72.5215902523401,4.05009842508262,5.25344048513069,"High School","Moderate"
"S0158",70.1318871005341,"C",1,81.8890788430795,85.4308610795762,84.2275447019066,80.7413355662777,3.96650914980756,77.92534793,88.147269871746,5.20827262155781,5.88996711869117,92.8481991546504,4.66213033934725,7.2020691865401,"High School","Noisy"
"S0159",60.7129288956044,"D",1,53.070064919582,54.289068488438,58.4989965442787,44.8726441069548,4.22038924816454,64.2952257675411,91.799305793332,6.83899278135807,5.9714399288053,69.0327239796264,5.43693228742078,3.89176012120813,"Master","Moderate"
"S0160",80.0292403784724,"B",1,80.0518991736523,77.2315060199686,80.5418149410067,78.0895436433479,4.380158596,73.9519189073829,77.9494572764754,7.17490625621195,3.77808577341201,48.2045863567827,5.32732908509379,4.76186911151878,"Bachelor","Noisy"
"S0161",68.1803318624674,"C",1,60.2280722995589,53.8265503062045,61.7683249970794,65.2109248524562,2.58021335142718,59.07263227,76.85513771076,7.48877266329885,1.85071370088579,49.2540404520943,9.920779565,1,"Master","Moderate"
"S0162",76.8022299744951,"C",1,74.7768206826469,79.13910732,72.8185778455379,72.4443437865059,1.20505383670399,76.2354783487054,59.6081579664881,7.00570534966325,2.58052443970448,30.5223392,5.83603663125366,4.2873825022473,"Master","Moderate"
"S0163",72.3160936262143,"C",1,74.8441340918492,78.0951399816425,76.1897687980748,78.0465330678533,2.60750508494696,78.1013641663329,84.03840084,6.79876154388363,3.12246416338268,57.0861944002805,4.76452470015639,5.68006729491673,"Bachelor","Moderate"
"S0164",70.0382242672152,"C",1,69.4676076241117,68.9717283052148,67.7516462466247,68.5150920941227,3.69502491913636,74.47127847,87.0469695454224,6.69814533924186,2.54662112179111,97.4025876430668,7.27337526500655,3.16045997508233,"Master","Quiet"
"S0165",56.7626484149574,"D",1,44.9659373529925,54.1991223332308,48.0737968022727,46.5862224941003,2.80140154312317,61.7585758667568,72.06919833,7.06331880790528,2.40317789938258,101.474643795385,9.147744732,1,"High School","Quiet"
"S0166",100,"A",1,85.9416372574081,80.5912134257773,84.0935855771899,80.2031803083297,3.99585260344159,83.186022982956,89.7091252637753,5.18161182861538,5.86114854608179,48.22207879,8.06836226072605,1,"Master","Noisy"
"S0167",54.0558016741946,"D",1,57.6429035734455,50.0152777188218,59.52840554,58.068950821615,2.42792971787466,73.9356591444766,69.048691753434,7.10192093214212,1.76682413707873,116.313959718427,5.7764925348127,6.72667925609301,"Bachelor","Moderate"
"S0168",49.2450297491837,"F",0,50.258518071992,46.7989777225858,50.1122040035671,35.3028382174884,3.53897656441612,64.1770281063499,87.75680272,6.444539379,4.66663954358431,75.2162514132114,7.36969695874873,2.14631870165072,"Master","Quiet"
"S0169",49.5282124791785,"F",0,42.242632785512,42.0147027037345,47.8728840393729,41.3081519947021,1.7456792194159,58.2509035073197,68.91152902,8.00432458943645,1.00205144719587,112.528087411665,8.28913584520246,2.41007659346953,"High School","Moderate"
"S0170",73.7741978870426,"C",1,72.49911188,73.7158091219668,72.2421432574109,64.3467456567776,3.99747774657983,74.8439285132362,94.7639756213396,6.78576276420975,3.98091334701188,93.60887537,8.36862695420646,1,"Master","Noisy"
"S0171",84.7389323633042,"B",1,77.2660399013255,76.05985961,68.4008775602911,83.2960124840596,3.1827838752521,81.5297537494467,77.87342979,6.7235470510067,5.57971501977026,95.0190080720172,7.99923073178613,1.72115654830919,"Master","Quiet"
"S0172",45.5315642036117,"F",0,40.9123305910321,42.6726075736036,47.221938094602,44.7993673548546,1.8162575541864,67.51629969,68.3326160230047,7.94266641141689,2.43967047046609,37.65392592,9.22486254865371,1,"Master","Noisy"
"S0173",65.1057616836188,"C",1,68.1651182064604,61.9074210855082,63.6364567021474,70.4984731162909,2.16764469399123,70.9418404073843,64.8513379627791,7.95079608402547,1.9276298762886,49.7992014207238,9.22063275006463,1.25218231986321,"Master","Quiet"
"S0174",68.75638193,"C",1,52.4572676358866,59.6760906562529,49.1884359426425,60.0622987716835,3.99443483432733,66.7233027530877,93.4518222528969,6.95773523137164,4.25839897439213,30.7933349965025,7.473619356,1,"Bachelor","Moderate"
"S0175",80.550960312926,"B",1,75.4845034725197,75.07374758,72.5061970023023,70.7399208683956,2.93040494264608,79.4340389459397,81.8984053286614,6.6370292286428,4.56300703649197,94.4514876429064,6.57913821466727,3.58700239841106,"High School","Noisy"
"S0176",59.5799592255307,"D",1,49.5901535952745,55.1766327532152,56.4623440611286,58.3269695848523,1.86412576157229,59.8321867639931,71.1202827208607,6.17756021736525,4.44015259475991,60.99944596,7.8494217733906,1.00083677124151,"High School","Quiet"
"S0177",84.61640962,"B",1,78.0015755956356,79.7152023275242,67.3232045257422,82.6625334169375,4.869084761,79.1028736338824,98.69894277,7.5909967056576,2.59658440010687,100.798726446871,8.90927200822278,1.41507370297215,"High School","Quiet"
"S0178",67.4436387416544,"C",1,61.2704440465296,63.5542101422985,76.9591867148295,60.0876676104348,3.86050007926755,63.3068527365543,90.6788652466195,8.16157008787177,2.26101201079665,60.5042597943324,4.03391262904711,4.92975817411473,"Master","Moderate"
"S0179",100,"A",1,91.52014938,94.3689857816814,96.8004334258507,97.1982501164351,4.82853933015918,76.91482317,106.307088843135,6.43717481988214,5.77959399981022,103.740037706897,9.95198205408911,1,"High School","Noisy"
"S0180",55.40219757,"D",1,47.5636519280296,49.8021947281162,48.6798464986754,42.0321843659715,2.70842018144137,65.615558,75.6587305292037,7.27368031180817,5.61649754134965,41.7628428373482,5.0973626339752,4.62900975563154,"Bachelor","Noisy"
"S0181",70.3048787851535,"C",1,58.7586493077642,61.9722631071019,58.4841793046828,54.6360785001258,2.90040136276688,67.45995095,79.6972395462193,6.25123923113023,3.2865830494641,45.6035841081757,6.82149391395986,2.12617661643695,"Master","Noisy"
"S0182",64.7769630684862,"D",1,46.24104367,52.8868063188946,47.6688140425207,43.19809505,4.59182086474008,64.13192387,90.4875771514937,5.85362750837867,5.23096933077187,60.6788885625543,9.232178409,1,"Master","Moderate"
"S0183",90.6545125050326,"A",1,90.858149005321,91.84075485,93.4637611472176,88.2132604650009,3.10019736098154,85.3395996176187,76.6606688018237,7.44911553742269,3.261617388,66.763865,5.3502423942652,3.45638183719149,"High School","Quiet"
"S0184",93.933221962743,"A",1,88.253664435954,91.7986832238965,91.4797423657043,82.97087622,3.82911564762267,79.24483197,88.7802229416932,7.195561578,3.12194509036255,61.3832529758681,6.8607713434023,1.30605820489897,"Master","Quiet"
"S0185",60.8110966169552,"D",1,54.1867895243336,53.7381110528974,56.9648118543508,60.3022048598102,2.00869151,66.86712325,75.6065828333307,8.12174666688696,1.78381473799647,98.7282329270898,4.79549308108708,6.22246397134228,"Master","Noisy"
"S0186",82.0408901812813,"B",1,76.2991225318798,83.4997086091272,76.7470259381561,75.00485053,2.78690587481056,71.9840547408656,76.5876546268478,7.05265509489867,3.13203028245986,38.7256253364043,6.37045795232916,2.33349335484692,"High School","Quiet"
"S0187",77.5832498120306,"C",1,84.9472210110669,81.5652595007705,83.9605289095302,86.7097458528513,1.49379946324142,89.4284722955404,63.7584119858536,6.45988688083612,3.68708469299904,61.6095317674639,5.06281272875801,4.758506383634,"Bachelor","Noisy"
"S0188",75.5173903007147,"C",1,70.5360446379704,79.5407468025245,69.7796782197029,67.684287805902,1.82392014350785,68.48817059,66.20477521,7.55944688775445,1.11252163714343,105.351599956391,6.18176649262694,4.57112458886684,"Bachelor","Moderate"
"S0189",63.5501277132074,"D",1,69.1307818095804,68.9299920563586,68.156240407817,60.0277653068378,1.00377366107052,73.5864645499473,57.3639532564836,6.26748850677502,3.22056502587703,36.0117369535955,6.24078530075633,3.14427059672762,"High School","Moderate"
"S0190",54.7481177986397,"D",1,53.3018759995248,46.14800049,58.9707264838602,54.6521627914819,1.15706020659464,61.4395800595262,63.0454593444905,5.96367033585868,4.906781091976,114.810915690422,9.95902473759,1,"Bachelor","Moderate"
"S0191",68.2352830147305,"C",1,45.1206522293245,45.7611743038784,48.0884358407288,35.5593773522256,4.90913529270772,65.4124319814662,91.6050647011839,7.166152914,4.40023028187135,118.768515804481,9.96887817582263,1,"Bachelor","Noisy"
"S0192",72.5927368766289,"C",1,89.346866687433,85.9416084000586,74.6449235141116,89.0036964570056,1.96941478054705,83.016276487309,76.0988456888041,7.1836582239389,4.17578494431968,37.9711356442572,4.68871767196367,6.42921615076348,"Bachelor","Quiet"
"S0193",96.77213706,"A",1,89.5229931439832,93.7262108889268,92.802497026632,82.6814179498191,3.65324283801601,82.1681629738855,83.2053168895128,6.51716899974724,5.54777714218601,56.2145270030163,8.35581267597008,1,"Master","Moderate"
"S0194",78.5673398963308,"C",1,74.8205801500297,71.5574602535178,75.7942611236236,84.7569601461838,4.35639879519845,81.6762978002726,97.1735053791752,6.81241322478192,1.090160049,63.5160599431821,4.31047287801461,5.53937928996795,"Master","Noisy"
"S0195",62.0688550709287,"D",1,58.6466385076785,56.4157213416046,58.553094725449,63.2034521185521,3.20264183694626,69.470472212227,75.6764253824932,6.6852268329552,3.78523793096117,99.8752231787453,4.18115209202313,4.08635331300954,"Master","Noisy"
"S0196",47.1800636583786,"F",0,59.2065266036963,49.7588229489687,57.2639343382519,59.7352955600537,1.61257800033582,72.18648553,69.4699806560893,5.90647678305541,4.93674424204854,83.6334130905061,4.63200336546979,4.97479563084802,"Bachelor","Moderate"
"S0197",93.7455912028667,"A",1,79.9275623378632,77.6660307416178,85.5481259377932,86.24609573,3.91246574934467,75.0571514863443,92.4843805325191,7.47626355284198,3.70667691350634,87.9929130443311,9.7929139420476,1,"Master","Moderate"
"S0198",87.0482342483235,"B",1,89.3410642973917,77.221667664247,94.078696608006,85.1094844100631,3.40100564039833,77.6464474290583,85.9310667640128,6.92229560434813,2.6194777629019,98.1758840536655,9.64518128736819,1,"Bachelor","Moderate"
"S0199",90.6066968700432,"A",1,88.7897533345814,80.8702392171528,84.925365,91.5071502279319,3.9250023573895,84.93091648,84.277880964896,6.95275029697126,1.68125282545989,40.6181099493323,5.16356692168408,4.37944124449069,"High School","Quiet"
"S0200",88.534016227664,"B",1,82.8931550221693,86.6952283,84.928416457792,83.8922071907629,4.07898649142835,79.85234573,92.0376058622739,6.38355347483643,5.43781535908096,104.988851121924,4.970034013,3.62173921837028,"Bachelor","Quiet"
"S0201",82.1516327756474,"B",1,75.3117405384858,79.24074133174,70.4534568657794,76.6318409451542,4.901641471,80.7880436315126,93.1011337837179,6.67377918300129,3.35381196193801,93.505782376213,5.44321051909568,4.63386809228581,"Master","Noisy"
"S0202",54.5990229209767,"D",1,44.6276980747277,46.7549858836525,37.729607250783,50.9894655752615,3.29425312,61.91430677,81.6787149255875,7.1246991596233,5.39057598492851,81.9607552676733,7.09328196445085,3.9624122844323,"Bachelor","Moderate"
"S0203",56.0514462250718,"D",1,48.8895792752038,44.0546985595577,45.7559931522539,52.5520397891028,2.36656445076241,65.470166333775,78.8127100124007,6.45381636758315,3.92926061216584,110.076180130475,7.41822779221246,1.48462833801708,"Master","Moderate"
"S0204",83.9306938006132,"B",1,89.4204803689894,89.1819235882795,93.7324477309031,90.8640986831145,3.59385822760095,76.5933275347885,89.92209191,5.98909769546518,4.370960583075,93.0275718495426,5.32956058263668,4.04776765081093,"Master","Quiet"
"S0205",73.14920648,"C",1,73.3535982812774,73.33558559,78.1192235081579,65.079161100136,1.2737628369705,86.11898383871,62.8135430824072,5.41715151055357,5.02130577189225,48.1529966367923,8.539736729,1.96280951791451,"High School","Moderate"
"S0206",60.4819361881018,"D",1,40.5058378389146,34.7140143929519,43.07126494,35.7056063625173,4.58958927328634,59.4317089942972,91.0218598532492,6.69587343189309,4.29577772300067,68.67708429681,5.8573190164159,5.35477170290683,"High School","Noisy"
"S0207",59.1236502625754,"D",1,45.5809348576318,53.0979263664675,49.2064137918718,44.9673901896531,1.47752404535279,66.2784022805119,68.0031790143988,6.82195268205263,2.99027420339469,74.46385802,9.53278795317646,1,"Master","Moderate"
"S0208",72.7665808940837,"C",1,76.4925973009431,80.8794087538214,79.0734887365179,76.9594591723263,2.31137135154327,74.0658402993734,73.2106197039228,6.215097621,3.56816691964326,34.9695864075365,7.94033623874038,1.89087902384367,"Bachelor","Quiet"
"S0209",42.6681567,"F",0,40.278387111542,39.1735662423937,37.0709791354273,34.6273684881724,4.26298152250448,61.6792430668577,81.0282372338927,7.09004494361407,5.0152276233794,115.917376202405,6.618107166,3.66502365649785,"High School","Noisy"
"S0210",58.0751122043999,"D",1,48.8444428279624,48.9788720229351,51.0040555513321,60.9028262058545,3.38924951332285,57.9079975963575,87.8056442648111,7.47314712915514,2.86825148186492,41.5719534717191,8.73947201021707,1.15847159915408,"High School","Noisy"
"S0211",77.1635527917565,"C",1,70.1803584151622,71.22227245,74.1824060413006,77.76232869,2.57454208110977,77.3505183988795,75.6242566417492,7.10370887537864,2.94060728384249,92.7715140504054,8.90748775627999,1,"Master","Moderate"
"S0212",82.2760348254388,"B",1,78.0542358730981,67.8455615309767,81.82569252,81.0648274750605,2.89374263750009,77.24724751,84.9496826149162,8.23862794799843,1.47845058029001,75.5607932481792,5.74288963365366,4.758200376,"Bachelor","Noisy"
"S0213",72.59566897,"C",1,75.857869272643,74.6219823600401,81.8024361300162,76.2180535790618,4.41818957280872,78.0748871559993,88.7055431338732,6.65939136386669,5.57292217610874,32.306902489598,6.03828726301651,5.48104908807414,"High School","Moderate"
"S0214",70.587980201992,"C",1,52.3348120203308,48.92489078,55.8763312563361,51.273767170825,2.36001754423957,69.6572761608159,57.7166563764157,7.15201757682262,1.45518157472721,113.227272827793,9.615730922,1,"High School","Moderate"
"S0215",80.83287003,"B",1,79.1698571741145,74.1617571246399,80.9270982118224,74.4102648740033,4.47859873924869,73.4222270309558,96.1814066842128,6.20807615183178,4.24104588724278,106.665312793704,4.98844623017963,3.9804477165261,"Bachelor","Quiet"
"S0216",51.8763365417324,"D",1,53.04869981,51.6431983478942,58.3994510039061,53.4361024049183,1.35253772390677,63.101891253098,64.9831956224775,7.48919905402273,3.06597239401399,77.18321351,4.2529025017776,5.23397025185811,"High School","Noisy"
"S0217",69.5385545978424,"C",1,57.8969833987597,66.8854160330073,57.7643771025144,59.1857460994735,4.10719374883452,71.2351131,82.618579350313,7.28975439285051,3.02809695127721,50.6048102525501,6.7243319356573,5.0455811319983,"Bachelor","Moderate"
"S0218",93.0103321471902,"A",1,81.0570272814913,84.2612415878264,76.6476540253527,74.8482244040832,4.39019053221894,91.0196210134794,89.0094075928564,6.76554612912631,4.39775918286342,40.9460601612085,8.80725940146177,2.10270313939878,"Master","Moderate"
"S0219",76.4547942013199,"C",1,75.72980945,72.8739144986828,74.91447463,77.4006915338213,1.72727061134936,77.17449305,81.0487948320931,7.17611049962073,1.33546866314939,62.7053231488914,8.63000863786447,2.01001798051986,"High School","Moderate"
"S0220",78.6857827609664,"C",1,86.7072875771798,89.5702014839606,82.9827743531475,85.930992333056,2.7213861294888,86.3093243782096,75.68580822,7.11341510907573,3.96852891475717,52.9885452941481,9.517183773477,1,"Master","Noisy"
"S0221",71.2540254865968,"C",1,76.16870908,83.16548626,72.792817701647,66.6296712871319,1.66199909865462,77.5494971889671,70.27478587,6.16420287947449,4.86015892986177,75.6022080905669,7.19920398621424,2.13965890159479,"Bachelor","Noisy"
"S0222",67.34254879,"C",1,71.2569731834509,75.8801415980148,70.5343798298733,66.9550481295534,3.82641651597687,85.339714565507,85.0108660229268,6.406687536,5.14106378943297,116.976836651109,4.600388029,5.19904078994503,"Master","Noisy"
"S0223",56.6979735586792,"D",1,45.1521122305451,45.450264080146,41.1900126255453,43.0840845634369,3.14139107224663,53.8399477804463,70.9623962282005,8.16767648910283,1.85265194696888,81.7458143906677,7.5321338460161,2.38994341830539,"Master","Moderate"
"S0224",72.0971088,"C",1,60.2243691682688,56.989685279741,58.6845615200736,69.66280745,3.54129338683328,70.5852898074812,84.5616426343533,6.02345430697767,5.48709525039087,110.093795030109,8.670373686,1.87920062994517,"Master","Noisy"
"S0225",47.0437052714641,"F",0,54.58613022,58.0772467905629,45.118056887726,57.3688958451637,1.78594786782484,59.1653449434371,66.5314558768179,5.92928623369241,4.28073045923721,88.57909537462,4.55996872161896,6.94895017264795,"Bachelor","Moderate"
"S0226",57.3179045004239,"D",1,53.4194303858496,55.3868573129583,54.4858989227143,46.7420225403501,1.84698344820968,54.1768573402412,66.4704432887549,5.85094420283392,5.40927400410341,72.772187392848,5.03594440658554,6.08239373,"Bachelor","Noisy"
"S0227",77.2427693735154,"C",1,93.5155805113845,97.9915466115232,93.5216078881956,95.94576196,1.16598930203963,88.2451005212813,61.0866888428643,7.46922833767851,3.42640358555099,106.914680646003,4.07374396693403,4.50687167726993,"Bachelor","Noisy"
"S0228",53.89737385502,"D",1,61.6203748566718,64.7962338650817,57.5349317013309,53.88385491198,2.28827014078292,71.50767641,74.2040427660574,7.0143155510443,3.710166725,72.4231299155698,7.56191547668086,2.66207949222019,"Bachelor","Moderate"
"S0229",95.1177195,"A",1,89.0625605347412,94.31032411,92.3587888769033,94.4760158,3.238978645,83.1070955786596,81.639201697078,6.25700389511262,5.59519138514336,108.176535345932,9.32040635167543,1.41635699349247,"Bachelor","Noisy"
"S0230",88.6367863160223,"B",1,74.7126244298495,72.0364483720466,79.4004751179823,72.3570011707601,4.43173965598931,76.825341764726,87.9973657201563,6.09558878231221,5.49954771677336,56.2419092618189,8.0239798960126,2.59488043413204,"High School","Moderate"
"S0231",96.0462685513103,"A",1,83.7146216947907,90.30159202,75.67682237,83.2464407510948,3.66770978983472,97.3488080177516,89.1080218561569,7.27043864372309,3.240804367,41.5931766386689,9.89224052554589,1,"High School","Noisy"
"S0232",59.0673154498565,"D",1,67.6450401207856,68.6330381442476,63.8314162279545,74.2740233584965,2.74158529359901,72.5316443702356,67.6689941593779,6.86382862705137,2.37206315817841,106.978301792664,4.37820191499857,8.53590730076979,"High School","Noisy"
"S0233",89.1179523469875,"B",1,71.7297136544498,82.1060180175761,67.8840019055133,65.29389581,4.81248045757655,78.4154786334753,87.8730172893445,7.2630771324749,2.96585217282132,82.86736474134,9.41800651090898,1,"Master","Noisy"
"S0234",87.2384362209261,"B",1,67.0884731600375,63.6425340695897,62.38895765,60.1028822344726,3.87698080230333,70.2974124819494,92.4657104965411,6.7527262227989,2.93882164264875,110.018315842406,8.88440972432008,1,"Master","Noisy"
"S0235",61.0930792830592,"D",1,50.7383643288924,59.4181833447187,54.8857385385512,47.8203676971624,4.720660811,66.8453450396492,99.74170948,6.82086999488828,2.434334375,114.404448629314,5.885449123,4.34814595826455,"Bachelor","Quiet"
"S0236",87.2468562266304,"B",1,79.7348663393828,80.724420256696,78.7657356455188,84.9267605944794,3.11035189308866,78.6762647944133,80.8165421055164,6.97838687608804,2.34289802166483,34.8265551334304,9.841159311,2.27564374394034,"Bachelor","Moderate"
"S0237",56.9958239038546,"D",1,55.4424799342471,52.1853899161748,54.119905727694,47.8457495568629,2.03561709917256,65.6686475534749,63.3789284679502,6.220701872,5.3053146823986,75.0872371672982,5.72762648902849,3.43617866026734,"High School","Quiet"
"S0238",50.3041724597144,"D",1,41.33737815373,38.9179489834584,31.3180663316962,27.1766001631771,1.21130674545889,69.76318174,58.57351275,7.57079220100616,1.34930960342331,63.7468094167076,9.33582834296931,1,"Bachelor","Noisy"
"S0239",84.260927070749,"B",1,75.5009762748942,73.8992397339226,78.6780664259404,73.2451819828492,3.9043394059354,83.6364129533688,87.7296603209215,6.80131112440617,4.38805591049797,86.3272557363105,9.28449146244514,1.79280221057056,"Master","Noisy"
"S0240",54.7193503093621,"D",1,49.7410873673877,51.8619170993973,43.5447953931203,52.49979137,1.48521199202214,65.55427692,56.8726500773508,5.5965872771011,1.86410025728226,101.423207748209,8.54594569961784,1.43619214549443,"Bachelor","Moderate"
"S0241",87.0731343557425,"B",1,91.7252221394103,94.3393995795878,92.0248852907419,97.7265308881044,2.21110051308787,74.3415513899853,68.4158618407625,6.77941588103552,2.72252946697032,55.25311944,7.38082284287711,2.28457330259259,"High School","Moderate"
"S0242",88.1611004818559,"B",1,92.4660717351423,89.5975717154494,93.8529564249333,90.1502649247153,3.12988363153559,84.42798975,84.56048801,7.41190046011972,1.30771517067418,80.1118545935854,4.72001649770133,5.84561640418539,"Bachelor","Moderate"
"S0243",95.6824001707952,"A",1,90.3175414621247,90.1957685008198,97.1208344413179,88.2604084265447,3.25766635111899,98.6739085530878,89.713190332636,8.04757056402097,2.349868184,93.785572191441,7.191830407,3.0806875832506,"Master","Moderate"
"S0244",75.81584536,"C",1,60.3587285140494,71.0700803071088,53.8146265184539,66.1282321853282,3.40233278794854,69.0260559238262,81.9261541161927,6.007367089,4.842105356,42.0987974552161,6.14077753392961,4.88966125170718,"High School","Noisy"
"S0245",40.070261829144,"F",0,40.8501139090877,49.4878297595913,25.7525531299836,31.5014054106106,1.6650213213988,65.9411448148121,70.4326549855685,6.45387532222907,5.42507662273629,103.266021535614,8.75330219893211,2.53816669013325,"Bachelor","Moderate"
"S0246",100,"A",1,91.05752094,93.2391392906951,91.9767686660934,89.1149170664099,2.51894961928659,92.7384724809255,65.6191958399286,8.11522442701437,2.10763575951184,84.5498639867676,8.54877523898107,1.75822782102429,"Master","Quiet"
"S0247",77.40959918,"C",1,63.5501281574523,63.7401455482933,72.5526840650066,64.5022476070776,3.46877690846787,72.869883658006,87.9850252902467,6.348193976,3.31773919629461,115.458369340229,9.46367504423563,1,"High School","Moderate"
"S0248",89.8340011884487,"B",1,93.1660150474018,93.7661716809931,99.360746812099,95.41210865,4.87927545853514,82.3738993643602,94.773012511714,7.19150154102639,3.35162023968603,60.5576027217624,4.08898097459025,6.12513000769589,"High School","Moderate"
"S0249",100,"A",1,92.99909874,96.066688603561,94.047395816282,90.45006527,3.91052455079875,74.32298771104,90.64197359,5.98850112439314,5.36787652879867,39.7331348103479,8.85461930093828,1.63451125571101,"Master","Quiet"
"S0250",100,"A",1,86.91552005,81.8015572247128,84.4573391225446,87.08772511,4.69041502837583,86.8785760683972,95.6653881925598,6.30348454954167,4.81399526437903,75.5851080933233,9.63077231874801,1,"Bachelor","Quiet"
"S0251",76.8609929176127,"C",1,56.1946890638272,54.9078063767105,60.2303020470138,43.7530522967623,4.04884823325671,64.0235645177959,97.0905523814862,6.52882875547127,3.56538609184025,37.7229694538495,8.735802695,1.26358882302881,"Bachelor","Quiet"
"S0252",64.7201082393988,"D",1,61.1803750731059,52.8374547037179,56.3126440745836,57.8891330114366,3.3668678755696,71.4709397959914,79.2965005139964,6.3279505450844,4.35373600235887,117.257387099161,4.7811667592222,6.41546036160504,"Bachelor","Quiet"
"S0253",72.6542516592663,"C",1,86.8125169334271,88.8086325464535,89.1943057802082,89.0800604961995,1.76809347654538,77.1571567687667,70.8189662532629,7.7899234930892,5.23677526954683,33.4816462431472,4.48767462904533,7.02844155130972,"High School","Moderate"
"S0254",69.82150971,"C",1,57.4307102835953,60.666689982109,59.9580610794284,52.5192401123219,3.66674260757005,67.3891674394466,85.2698887592178,8.10791950499751,1.04769477012772,97.8153510996577,4.1250714388462,4.36737561652037,"High School","Quiet"
"S0255",59.1032486660232,"D",1,49.3221010677351,46.9061687562382,54.6231506052295,49.6170221756831,3.49351826383963,64.8296458083728,84.143655248348,7.64653388431803,3.01445015525024,77.259215832802,7.77247135496843,2.23754979677214,"Bachelor","Noisy"
"S0256",79.5253905810176,"C",1,70.6240694352093,78.4940032516594,84.4223696297647,72.8584319392228,3.40987668182907,76.6550026228261,83.1794973524946,6.585131993,5.53621583638539,63.175858724846,7.77803591115932,1.53326965539544,"High School","Moderate"
"S0257",92.4376401809421,"A",1,91.4885125788429,85.3596842638312,93.4505924147368,89.7757665745541,2.95914347195296,80.17014535,75.3630691970591,5.78640205953309,4.70156515421976,35.9257948057789,9.92148228530927,1,"High School","Noisy"
"S0258",74.1825017602554,"C",1,78.2816388171235,70.95976442,75.736820688586,79.1339576721064,3.1146264159571,85.1253741523685,81.0757693300377,7.08321692366054,3.71420687167037,85.99502318,6.38825904462457,4.01425716511075,"Master","Moderate"
"S0259",68.2852392633071,"C",1,71.3533643549151,72.4756234477149,71.22549279,66.539701528492,2.33777010847242,72.6922082537977,73.0644599741151,7.44199801670097,3.64822263517567,82.669829645186,5.991437709,4.67800066215749,"Bachelor","Moderate"
"S0260",61.3343710975146,"D",1,45.3447071573923,50.580198670453,36.4993276329467,44.311650758912,3.07725077056921,54.3000062764299,81.9787089477258,6.75164511657379,2.73885048802219,55.279494576084,7.74654956310635,2.1413239932823,"Bachelor","Noisy"
"S0261",81.1421424444995,"B",1,73.8253974684543,82.2450359257437,70.351831813009,76.8764783164004,1.79022362271391,76.3675816344098,68.3247619556034,7.40188253311829,3.60260266820757,111.919953126928,8.95365203504556,1,"Bachelor","Quiet"
"S0262",98.6225523761291,"A",1,94.4529617557345,92.1585404413898,92.406549565169,95.2378265605767,4.22069758944151,87.3983574229995,96.1969486424762,7.069093306,4.27691599731727,57.3699006608553,9.620643697,1,"High School","Quiet"
"S0263",52.854244363531,"D",1,47.7046208380088,53.09802501,45.0841788483359,44.7719644901891,1.74310781879483,64.6552575848632,72.0486212681852,7.99847546476365,3.09181519214397,70.4752869532896,8.81874499707423,2.07775467312593,"High School","Noisy"
"S0264",63.7722042053432,"D",1,68.5081308800055,68.315588532502,69.2699052401741,69.6292129014595,1.33986515955787,81.0647274584282,58.1455349864396,6.419878774,4.570765732,78.938621032679,6.56004388369483,1,"High School","Quiet"
"S0265",86.5451582876758,"B",1,88.2555189560375,87.3923824563335,84.1434192941265,91.8285679092206,2.74498410542863,82.9455152943395,81.7937035572401,5.85934616797156,5.30616113630193,39.0208690358658,7.80948541187238,3.37794173980962,"Bachelor","Moderate"
"S0266",82.1039857023007,"B",1,80.7422739764812,85.16057366,86.34742731,70.4925675835939,3.63322975802425,79.7730388663968,80.4006154446932,7.28715867303644,1.77342424092431,113.894554729227,9.1377959602967,1.38343403,"High School","Moderate"
"S0267",73.6109565301846,"C",1,78.3358657547397,81.5974801468068,78.3369010793307,84.1312360795192,2.75086729973417,73.6520109712044,80.4479524380303,7.74046496235567,3.25773511408712,63.70825372,6.94365812987044,4.37251795165959,"Bachelor","Moderate"
"S0268",70.111467633259,"C",1,78.636624619291,70.7546638343698,78.5901230135979,76.9553509258857,2.10701652780523,83.421079824085,74.1688592015667,6.1737669226514,3.04010045642541,37.2701292486909,5.30011986223236,4.50131095088668,"High School","Quiet"
"S0269",70.0198253603396,"C",1,59.7720133170865,67.15471507,58.1325397345219,61.8994629832877,3.23268473556176,70.8075519789338,72.7702628973051,5.63461493620989,4.43732402,64.85620563,5.01834063848724,2.92025393748986,"Bachelor","Quiet"
"S0270",55.1287623303888,"D",1,56.1475514345471,63.04800821,56.923504853842,62.1337860527733,2.3880093416488,65.9736370808028,74.344989649135,7.36989644157891,2.24933732628965,84.0182292383323,4.000946467,6.42941617403816,"Master","Noisy"
"S0271",95.6749169996134,"A",1,84.5148635513183,81.3870500437706,88.6403548746564,77.6564950651659,4.73147076050653,72.7340583083318,94.9722270382637,6.51832898118451,4.20125457476138,76.2287404639197,8.30942796988771,2.96522515415064,"High School","Moderate"
"S0272",83.0647661211451,"B",1,84.5562367073549,86.535254374542,80.2205856288004,81.0090317,4.69058055841429,89.5001793289529,93.111979294466,6.38763008399061,5.387446209,92.5087776633547,4.66658325307594,6.25813855243748,"Bachelor","Noisy"
"S0273",81.4674098535671,"B",1,87.6889775219057,90.1591284533194,84.3983950765294,86.2462340425272,3.00948727988838,77.7060889386726,86.8491344523788,7.5454584859275,3.09065799896811,34.993554786112,5.46303459817564,3.87427391833632,"Master","Quiet"
"S0274",79.0593773416819,"C",1,90.2282303906059,91.5315992197255,88.7096002467226,86.3094627849838,2.31153597607303,82.1577251484544,69.8469640575432,6.05719177697174,5.5550784998961,55.6086549244851,5.787257989,4.29950308632589,"Master","Noisy"
"S0275",69.7891269817521,"C",1,68.1238319373516,65.3723061681245,61.3944773199855,76.7985148165356,3.94852965582656,75.8536385240558,85.45341191,5.27375147613447,5.96581869466739,103.730751915609,7.362279161,2.10488457039947,"High School","Quiet"
"S0276",75.3273143044933,"C",1,67.583396207796,64.2252793681057,63.4871069091885,63.299535738662,1.14685177393227,67.8089084608145,61.8469924393481,8.56310270367804,1.53046024973976,37.1904319012225,6.38774366377462,2.79298987203601,"Bachelor","Moderate"
"S0277",90.5238351342341,"A",1,83.9062348431726,83.77846449,81.5251304754493,81.12850095,2.8990760241746,74.4855685303206,82.4187089732381,6.85180607430332,2.16526593992429,106.993735922636,8.04804395213897,2.90734461904088,"High School","Moderate"
"S0278",73.346902879905,"C",1,75.7480161927771,81.6116612890739,80.1199620963407,76.769961350792,2.34529357708133,67.2542701828852,72.7446928407627,5.74491181177081,5.75189875741047,38.2706482869396,4.33383195597222,4.46863573276262,"Master","Quiet"
"S0279",74.35212535,"C",1,78.6081782491737,81.3261790221458,79.92098489,72.5974306187932,4.68214354041022,82.909073889115,102.653288132448,6.81436847713922,5.79163843240693,105.100879340253,4.74363516558664,4.36254840383175,"High School","Quiet"
"S0280",76.6337806400004,"C",1,83.7685968189856,81.915525158555,84.7365463758233,81.7901932602042,1.04801210909073,79.1583671858612,63.1349994007278,7.3611945263991,1.48853637693379,62.4709561,6.9952690211996,1.90070534532801,"Bachelor","Quiet"
"S0281",86.5610249700109,"B",1,88.9502937999661,92.8087873532079,93.20478361,90.537560106217,3.2112595028734,99.1114973623497,71.22153843,7.64580732341689,1.07499250188568,85.0988156931494,6.02178872708098,2.48796374961997,"Master","Moderate"
"S0282",63.0154272537827,"D",1,58.5897336268345,44.3470205236841,57.9028746848375,56.9254316049219,3.9626543242665,64.3230914852629,86.97920843,7.69974502714553,1.80550011628211,43.7598404083198,5.77488017650816,4.37153411533444,"High School","Quiet"
"S0283",52.8797759033823,"D",1,60.6570623951969,66.4008908970574,62.6093866448414,60.1901281006972,2.94007195009616,65.7212760804539,76.5915090042032,6.74777237648163,5.98006391691124,35.9551849552663,4.40216847422514,6.759334574,"High School","Moderate"
"S0284",49.4772908866012,"F",0,45.1690066912478,36.4704378,44.6528979265853,42.5223461290059,1.34161212065089,59.7575384941969,65.812925973656,7.26327022849308,1.89999808305343,49.4344383618122,9.37431504848801,1,"High School","Noisy"
"S0285",79.13593334,"C",1,71.8054077547896,69.99320305,73.1322195017877,64.2330562088857,4.88984556011161,77.1183771530872,85.7743703192455,7.70615459287411,3.51273803361012,41.50684361,8.15091151675031,1,"High School","Moderate"
"S0286",44.1843672900157,"F",0,41.9768250588208,36.37847559,39.0630317707629,43.584791115517,3.07204172550439,58.6373958354839,93.4654657986325,5.35947348598683,5.24208863215256,58.1165307911669,4.7297089409179,6.11023559882413,"High School","Noisy"
"S0287",63.52496195568,"D",1,65.6078909972853,59.1344836186808,53.4138052059032,74.3825563555215,3.45674497727605,75.8656065686552,87.22258025,8.04929120244423,1.10200805344103,76.2944921859918,4.39027574642284,7.29542600761213,"Master","Moderate"
"S0288",74.8141838036919,"C",1,69.8454549089167,75.64958885,69.1740591,69.93746306,1.94643913083003,70.0297855045151,70.2087753278887,6.37350274760348,4.0224449112923,82.9883517208509,9.84923520058746,1,"Master","Moderate"
"S0289",74.73569978,"C",1,55.7597688670556,53.4212628604962,62.8735095475553,56.8860894532934,2.93399234042722,60.9719258412099,85.2477619863679,7.97059748499956,2.38512724434812,101.088129664177,8.087035303,1.43441043064525,"Bachelor","Quiet"
"S0290",77.2555018878848,"C",1,72.49582933,74.2283487399492,77.1269063425036,75.9594431068799,2.71659796783329,67.2568409686023,88.88424994,6.47751986475568,5.31167458219866,89.0615903923523,6.50473642656245,4.01092420352095,"High School","Moderate"
"S0291",43.114166638467,"F",0,41.6775137466477,41.44291085,46.5045011696036,35.3308612639142,1.29958336800793,49.7208860336379,67.3495669030214,6.93835561009918,2.4173057463204,84.7882492616598,8.21038624453471,3.41148750325034,"Bachelor","Quiet"
"S0292",54.3634662746655,"D",1,42.0541503812068,44.43935452,48.2348039902379,50.5667236718548,1.42464141418987,58.4367300932281,68.9904796242568,7.00128696608795,4.43377860140954,67.0603824737197,8.53799071888096,1,"Master","Quiet"
"S0293",90.774457091402,"A",1,85.24303084,85.6271402915825,85.68631879,86.2546748183952,4.3498900784751,81.11661386,94.15235091,7.135264725,4.37109816223698,72.6427591464125,8.67977321433268,1,"High School","Quiet"
"S0294",59.129922458437,"D",1,59.8104852776195,53.3955241566766,60.7970638146474,67.969769773065,1.95927980882636,66.7480575013938,68.8851693214289,7.68870673813986,2.107467744,67.30687465,6.86726383391835,3.76415477235406,"Bachelor","Moderate"
"S0295",54.3762178474491,"D",1,46.9883281958537,51.9696622930894,43.9000687186819,43.3231632182337,1.77983308599452,69.7111930838626,65.4193536399207,7.13295308038095,1.17399599934175,105.794942705524,6.57929654874909,4.21977152439321,"High School","Quiet"
"S0296",69.39006482,"C",1,68.7233793030142,66.2545963872077,67.14301502,77.8136889158034,3.01964580500056,80.5018407,76.0658980914329,6.84411707751086,3.04624786892699,50.700040729356,4.0661685056134,5.93996294482182,"High School","Noisy"
"S0297",89.3099270538857,"B",1,82.34964542,74.5667359271248,85.42850117,86.2254228905975,4.07498852545005,79.5008077729893,87.314814756003,7.26417385349048,2.44596575982935,30.5148838387768,9.55934269085103,1,"Bachelor","Noisy"
"S0298",46.5599343869388,"F",0,51.8701565123264,49.7295807074968,57.8895786981705,54.6353569415882,1.24778607431595,56.9654726902034,55.72508092,6.46590354925441,5.04488874806854,88.6187907503615,7.61984727033366,3.37453146065839,"Master","Moderate"
"S0299",73.3819364,"C",1,74.258976170045,81.7627751232166,73.56174479164,75.4290984418108,3.30723167855302,74.2959625447472,82.6929595321051,6.87432645503616,5.00182094227673,48.2215965274948,5.21892362313981,5.30911238140816,"Bachelor","Quiet"
"S0300",56.120137896973,"D",1,44.6941105746572,48.94521929,42.4431642504002,43.451467484285,1.47684177136229,59.3479483177433,56.345079827491,6.00701345545776,3.28511976096313,110.110362267883,9.517620517,1,"Bachelor","Noisy"
"S0301",47.9681985032275,"F",0,42.8424946642734,41.0992339922341,42.8451344585564,48.8451529566428,1.14584420330247,58.1355725207464,62.4130246537433,6.95739518929192,4.03256112661609,107.314169673599,9.48959141062178,1,"Bachelor","Moderate"
"S0302",75.7034952967416,"C",1,69.2245047362481,67.478216214656,72.2305384808937,69.9263040854884,1.21097580864887,71.1236578486328,61.928105046277,6.64862004880129,4.02129757993463,36.9054634735385,9.93510498619658,1,"High School","Moderate"
"S0303",83.2877147244716,"B",1,69.7349316885559,68.126756432469,62.5156576078882,59.89958317,4.33665643283376,71.60015137,94.1012408202711,6.04001246916659,5.13579074213812,39.574956487267,9.24433937883387,1.44155107760405,"Master","Moderate"
"S0304",73.9525954486803,"C",1,75.0586445824014,85.4423845002056,63.5777398167152,69.4727122738664,1.47188993451225,75.5966142117119,62.1082414950225,6.6912529899304,3.12501207061599,74.5654433022,9.98670632692039,1,"Master","Moderate"
"S0305",78.7321947125185,"C",1,79.9350233547464,81.8447006159042,77.1823391072885,79.0057945937827,1.18060545764917,76.7898061832954,77.1903564273942,7.17956114805525,2.37723339895255,84.8300396492419,5.46811712873964,4.09617203887563,"High School","Moderate"
"S0306",100,"A",1,93.6718643704394,95.8220726063948,87.5683022408686,95.2218592862672,2.75159954857165,87.8775447283477,84.3165749866181,5.501905071,2.32517459070274,54.7417503734017,9.0534975111954,1,"Master","Quiet"
"S0307",93.0601591318455,"A",1,68.3965191565657,73.547936426725,65.85581817,68.1135767120663,4.3759738877681,76.0001031578072,87.5370263772574,6.54506679568092,3.68096139641102,94.5117945029434,8.93816985277459,1.10213784655566,"Bachelor","Quiet"
"S0308",65.1681459963896,"C",1,57.7626060117685,58.9565518069011,57.0237044176812,63.8574599607368,2.04963350595721,64.3280775699718,71.6606754967066,6.58837028357854,3.24574101366106,83.5424418826984,5.3856421553244,5.50928790624116,"Master","Quiet"
"S0309",70.3909868884415,"C",1,83.7352407122787,82.44002998,81.4689986671636,73.9797313920856,2.68685047010367,88.2229469861745,73.82847398635,7.30621044818391,3.20060385492468,59.2341698773699,4.59062529400594,6.00046523731928,"High School","Quiet"
"S0310",67.0228819114459,"C",1,54.8957738194141,53.9140245739892,62.1581114917678,55.6137135019399,1.159690130255,62.547575400504,56.524502669013,7.16053065011018,1.45568669544854,32.28343392,9.8765230820656,1,"Master","Moderate"
"S0311",66.0943663541952,"C",1,64.14342813881,63.7854218417397,65.7771519618216,55.0535320118742,2.7963140565395,63.9827110003283,71.2627802097754,6.51453748887946,4.59301870345098,97.5135253168666,5.77614730912366,4.98752084059533,"High School","Moderate"
"S0312",60.5825617492712,"D",1,44.3151009738246,44.1289897912754,45.8174727718788,48.1136624512455,3.31045232254853,64.0614408437376,85.26560668,8.15053328185778,2.06868343990955,49.3278299242574,9.22535074280684,1.17538651088478,"Bachelor","Noisy"
"S0313",49.6885550833173,"F",0,41.3942908878502,45.0324386060351,44.5053266080672,40.9219973156401,3.28362821500858,56.6101047718534,79.4293809747379,7.90174531459463,1.98476815104361,105.102636911637,4.02476292804762,5.548637436,"High School","Noisy"
"S0314",72.24324759,"C",1,92.9456628072859,93.2053922363224,87.251497218382,95.0437126674065,2.32970676869746,88.0792887574299,78.1361978071006,7.53199821955564,3.06379160138697,67.826123404883,4.12614884331761,5.7491329984459,"Master","Quiet"
"S0315",74.2628695289774,"C",1,85.9789066281713,89.6421070142492,91.1744655652727,81.65949183,2.26213272265254,70.971110308583,77.5902382991776,7.10839627236787,2.13889170808901,81.9369698368589,6.795227852,3.05654925897867,"Bachelor","Moderate"
"S0316",62.6391978564177,"D",1,78.2785813351534,77.8749984346105,77.8997599024761,84.6759059934421,1.42649447574639,86.101570374992,71.1345166835212,7.0957287386828,3.91929133654008,108.56538573681,5.43228810361038,5.07297323956382,"Master","Noisy"
"S0317",72.5763675869598,"C",1,62.4924119427848,62.8855878943653,65.8448150289909,67.7010352630791,2.46719328258507,74.6076730115944,70.4099989954802,7.0258560907715,2.85731669667236,107.726070082796,8.13904770061579,1.49392968466257,"High School","Noisy"
"S0318",53.0214948966138,"D",1,49.5311876038965,39.540184181236,44.1719014386957,52.448909118956,1.39797867549186,57.2632110561332,66.3566148083786,6.92858581077235,3.24455861296395,63.4367617719216,7.39338595340773,2.21620486017064,"Bachelor","Noisy"
"S0319",50.2051415678721,"D",1,48.6040373469097,53.1856757204221,40.8352435168294,47.9564511125925,4.06638377884821,56.9081330542234,93.8261088716936,7.09908868946723,3.68584660802014,48.8000003443359,4.46491478470295,7.503842525,"High School","Noisy"
"S0320",73.1805219112489,"C",1,53.7633593990527,55.4958017785427,57.8528076891779,56.6626458255284,4.86509719099274,75.243009220014,96.2800810344076,7.09619992206683,2.01767761240902,99.7631469955735,4.9757697778943,5.9639657038528,"Master","Quiet"
"S0321",85.8666617040787,"B",1,70.2074665588366,75.1975171081349,72.08951419,66.6730037188999,4.88029782666683,71.4168337619285,94.94411848,8.21287411792331,1.77875811432765,68.97721832,6.32829562035049,2.91110371522438,"High School","Moderate"
"S0322",68.5517351630243,"C",1,79.3027757485034,64.821498857535,74.7925179767159,83.580554043607,4.46028439750158,75.4804636305886,102.650447303896,6.29930207589062,5.40210951436802,47.2837794203104,5.1136243837326,5.4573166102096,"Master","Quiet"
"S0323",84.5869304067578,"B",1,76.3108557194752,86.7527292433789,71.9625403131018,84.5582601910948,3.40316859735848,66.82516739,85.169165352245,7.358594729,3.16861851415711,111.398280808544,8.75333408346357,1.36501598219161,"Master","Noisy"
"S0324",60.5446555212402,"D",1,55.3963643320269,54.698416191251,61.02353825,60.7494171319228,3.80346278897552,65.9442911380057,91.2144666433139,7.809659825,3.0604680481627,47.8293774816979,6.49642141331968,3.89512976194041,"Bachelor","Noisy"
"S0325",84.0903183264913,"B",1,92.5175904364757,98.0585045201633,86.570530972139,88.8695780874386,2.14082321072166,85.1201971440591,67.2978520480769,8.16240866187833,1.17806075136421,32.32264514,4.560591201055,5.57675012351011,"Bachelor","Moderate"
"S0326",81.9936465802738,"B",1,80.5843304182673,75.3848007826396,88.7976951845471,82.3914170046328,3.52308168069048,83.869630692981,79.1343944742939,6.24857599477365,3.48988151293697,31.8251976390678,6.90605741363275,4.28358523185249,"High School","Moderate"
"S0327",60.4196978749052,"D",1,70.489472888127,73.5533424134399,65.98636921,64.02376517,2.822598198,68.2493443031411,75.3787331051345,7.09119336508844,3.770848608055,86.0083820808838,4.54502908636849,5.800591258,"Master","Quiet"
"S0328",77.5888259511214,"C",1,73.6446410428894,68.37756323,76.8366006709313,76.5065925987678,2.928069359,69.2208865602416,78.6605866541273,7.28709839079832,3.79420435477333,89.5507554645777,4.7736238325189,5.16428746926681,"Master","Moderate"
"S0329",65.4281128323208,"C",1,63.0780034335284,59.9591586300494,61.4349110547835,65.3310204978411,4.03110624150063,73.79381489,84.9899623809196,7.08538475709605,4.53515584661442,57.9937534551286,5.43765899216923,5.60453158481379,"Bachelor","Quiet"
"S0330",63.9678560629776,"D",1,53.6252044225637,63.1953611918976,56.6411415779754,44.2761227249028,2.12767342238901,71.8462525674172,71.2275101806381,6.87712983045617,1.88740917495506,58.8009890322357,9.157166231,1.07611880960293,"Bachelor","Quiet"
"S0331",65.3609866903838,"C",1,59.5784973258194,58.6250853220027,56.8579273152484,53.7695781062576,2.27215844677808,61.9334869073203,64.2790585274383,6.99314768,2.26111567115309,60.5544523553948,9.54767519399783,1,"Bachelor","Noisy"
"S0332",100,"A",1,81.68153608,82.7687004414389,80.8675715451788,80.2658415918215,4.69856716451455,86.2483384692689,91.38543453,6.98118342002519,5.05365232615206,91.2142692082991,8.95754637599241,1.3564762264937,"Bachelor","Quiet"
"S0333",47.6037701707329,"F",0,40.7916418746366,45.1419805280803,40.9962377516152,39.2873431389324,1.22489717940389,60.58353014,65.6035280354233,5.89836388939359,5.735853084,35.2320411924146,6.00446330450708,3.90192767212655,"High School","Noisy"
"S0334",52.6002755479149,"D",1,46.3839952278804,48.8624046677434,41.373057948973,40.3366105507864,2.94253719365336,68.6510243093134,82.44432454,7.34625285061686,1.6796637368366,113.620471742219,5.634678647,4.37454834634248,"High School","Quiet"
"S0335",56.0057445766841,"D",1,42.53014531,43.2822398369143,46.234267038297,44.4750389579573,4.65120320163145,60.9139708480101,94.5526481893801,7.74146357299316,3.48824777252609,50.0268939759702,7.29493414474144,2.11837126649669,"High School","Quiet"
"S0336",53.6343444024377,"D",1,42.2400841275434,44.0648891398745,39.6740162951854,43.4974521722459,3.44145203127263,48.5086524763319,79.3256987673415,7.35483599569822,2.07088126369793,119.970588471788,8.33111896319867,1,"High School","Moderate"
"S0337",93.969953946899,"A",1,87.0503321206054,99.0674100467968,85.90733254,86.07898646,3.18562829684853,82.76532915,76.7192652108552,7.24650317855061,1.30036584177491,45.4370424408468,9.960236729,1,"Bachelor","Moderate"
"S0338",75.1057146350206,"C",1,78.7011822659013,78.4130882807334,73.7294353928587,74.9222247651095,1.99897671691742,84.65131023,68.1234259394676,6.77293631437934,2.62751669063068,99.439181158114,4.78942427127356,3.81859244192937,"High School","Noisy"
"S0339",66.3517179005144,"C",1,66.0795605998029,67.0850558333777,53.2678923058263,71.32309623,2.37310195625779,68.5710502044829,76.9536120208044,7.65082822701627,1.71843812592106,50.1071290436662,4.29575199414283,4.82453064447262,"High School","Moderate"
"S0340",61.6966908138072,"D",1,45.3808788358051,50.6341508158431,44.4257400228042,53.6579144012466,4.40819366321877,60.7506145733653,98.7231650889093,5.96852638561003,4.54966536717123,37.2762121478929,8.16613533397163,1.65959763156145,"High School","Quiet"
"S0341",83.4173532564115,"B",1,67.0388731314258,72.5665028,79.1019502394904,64.62106571,3.23687252707383,72.638769047958,79.8860665933285,6.77574389754462,3.66862706835722,108.743999191558,8.99335470102343,1.1097628814222,"Bachelor","Noisy"
"S0342",71.9471719108053,"C",1,66.0409473929311,71.976098920733,69.9639688324212,62.980112807157,3.05896877502712,58.5229042971231,74.8222256203473,7.65086356100954,1.71917235495155,107.28761332718,9.07809267919854,1,"Master","Noisy"
"S0343",56.2473947977849,"D",1,49.5261028450508,52.7197539551968,49.4298009463789,51.9821411721108,1.39831885416012,73.1197893,65.3224067309328,8.33571252766556,1.04620794202757,66.3213353204641,8.07078129446296,1,"Bachelor","Noisy"
"S0344",55.559124902882,"D",1,63.8618407080885,58.14681614,62.5473865620472,62.0716938093536,1.06411262582049,67.4240419545584,56.5234514050757,6.82153846664868,5.04078524512106,93.2156528286384,9.72409482471512,1.85049153304722,"Master","Quiet"
"S0345",68.5207088742136,"C",1,61.9177603918555,70.084918053361,62.0300898559158,61.2207743885394,4.8547407547482,73.4875573582918,95.9561443531759,7.07867583176254,1.88097203082124,80.1359339415525,7.06602858126752,4.020451542,"Master","Moderate"
"S0346",75.2698736438329,"C",1,73.87175539,68.1400284277785,76.607350968748,77.5700211514953,2.50794466914737,76.50237202,81.7058271436589,7.37988469545071,4.031083211,106.766050230637,9.48288879001727,1,"High School","Noisy"
"S0347",83.5540285637307,"B",1,74.9301507977204,76.4433281239156,69.0260867211762,65.3833703601839,3.41285224839802,83.75317068,88.26409963,7.04485961161114,2.68460956538373,58.3550372386789,9.80687282194914,2.100617851,"High School","Quiet"
"S0348",47.52240864,"F",0,42.4917205374624,38.7203412873657,48.0633290108068,49.0832321617258,1.318860293,63.2761408808716,63.9784744887487,6.20391958150274,3.92742969157518,77.1305159999087,9.08294474201865,1,"High School","Moderate"
"S0349",71.86520987,"C",1,60.6036938044559,60.283002071491,64.1806003816621,60.9670964261026,3.73245714289219,69.1272255446231,80.9649764233583,7.14049887989378,2.578268135,73.6835134084095,5.85855137955172,6.02907374107428,"Bachelor","Moderate"
"S0350",76.4737602007728,"C",1,74.42229536,76.06610742,78.0132239928227,72.36482964,4.73026683482384,72.74357222,98.3596511855917,8.28867526,1.43469780346127,61.8515243631173,5.17729390702177,3.85749201622768,"Bachelor","Noisy"
"S0351",76.6987461946715,"C",1,67.6724942219048,69.2792803,69.8648729159535,67.2263234507976,3.30266101198968,77.8255006178631,88.3398965738344,7.44819501219583,2.11475004278877,110.230955810073,7.28872039,2.95001753540045,"High School","Quiet"
"S0352",88.6167180164015,"B",1,87.1069412653577,89.2165450365342,87.2050245538277,86.9190880404603,1.50446128950164,74.1862641129058,63.1664445661888,7.424173082,1.94029283239538,44.9290132196282,6.718088502,2.00807417258467,"Bachelor","Moderate"
"S0353",87.5416968450715,"B",1,76.228149739042,84.2967060843352,79.5924559188761,67.5721432218174,3.32688610989391,81.3435269709005,90.0244315488726,7.87657679369196,3.14009676219822,43.4557775568627,9.2665500531564,1,"Bachelor","Quiet"
"S0354",54.7930015431244,"D",1,48.9613934894786,51.2290649970485,51.9204641581855,56.4360846267448,4.06538885241861,58.985472986965,97.1176149717771,5.99689690133355,4.29141891713079,81.9218581790476,4.60019002640292,5.78597647159547,"Master","Moderate"
"S0355",51.7912733002658,"D",1,43.8812811070236,42.6604979305704,42.1110775523185,44.0879092683767,2.62566614629607,68.202058863295,84.5753256236781,6.66149133055408,2.31903037473179,89.1744806986448,5.54644036786911,4.29886930099633,"Bachelor","Noisy"
"S0356",86.22237125,"B",1,75.3330603013474,80.1534961427892,72.4650514368629,77.5480709535842,4.51935099176587,78.4730278639872,96.7197255503155,6.87397186156566,1.06034967650309,47.5157328892109,8.51079366711225,2.20308377697789,"Master","Noisy"
"S0357",45.2538324348176,"F",0,41.45812208,47.40547452,41.9674035560991,46.2158709326594,3.59473181342946,63.9496798791451,88.8842766333246,7.10791804684289,3.59468682132378,65.1645698029162,4.56991986986387,5.52909457962338,"High School","Moderate"
"S0358",81.8043030346854,"B",1,72.2176569700405,66.0796178943555,79.9627577275164,67.111844682239,4.596995673,76.5187725541438,103.040893173224,6.8746073295191,4.028797447,115.190745868087,5.9245864841302,3.55299878749229,"Bachelor","Quiet"
"S0359",85.31740934,"B",1,91.7126632783727,94.699663627622,85.5171279001032,94.0800227735488,3.49402124498935,77.0944461634814,87.1771821352384,7.02706244263717,5.81435247000905,52.1955680421607,6.3229323643239,3.11025431787376,"Master","Moderate"
"S0360",73.26970162,"C",1,71.6510797831733,75.1569434947278,64.3134534544111,70.3128743286794,1.5251518880193,71.52189407461,62.7453483412419,6.93753133392851,3.94735401546623,90.1524631905655,7.735562779,3.07535099323956,"Bachelor","Quiet"
"S0361",64.5716801388336,"D",1,61.3493459413587,59.8615284245587,62.1731501475413,65.5831998174412,2.23876684442076,74.0366196587363,70.1449542615683,6.79116258119314,3.35586279689071,96.6134454327832,4.94879587431619,4.39746209587684,"Master","Moderate"
"S0362",78.41381207,"C",1,75.3808520143294,82.2593860808875,75.6352905236095,64.744714912572,1.80717979300983,78.5237050939639,69.264572698967,6.8407949975925,3.86700812948852,70.3315829518644,9.16362694209826,1.75177602838668,"Master","Noisy"
"S0363",77.2873465656888,"C",1,65.2039089770334,64.4536310418708,66.0706172988855,64.7084374758271,4.63530599086745,78.5069040150451,89.9002528,6.36700276443744,5.63950314931014,114.377338808362,6.68525341279765,4.53745838003429,"Bachelor","Quiet"
"S0364",80.3003069368555,"B",1,70.0089234123764,70.6368056797341,71.2286894019189,66.9948201334566,4.04160026914993,77.0208345213741,89.6997081146783,5.62155214493345,5.14189072800823,96.2991061696911,9.50213027128334,1,"High School","Noisy"
"S0365",94.70937258,"A",1,91.7805644827089,90.9152053612895,90.6645532095349,93.9418792358797,3.70559347564002,81.0567727878411,92.53867035,8.57069772212174,2.614893667,71.21321219,6.807219482,4.32570690549744,"Master","Quiet"
"S0366",62.8463422659187,"D",1,61.2356450790426,61.3135403169499,68.68496227,63.5858660158836,2.20386527852649,66.6375018509181,61.0823835294385,7.604053964,2.18627181828569,81.2401681598485,5.650241554,6.4101811448003,"High School","Moderate"
"S0367",78.01612483197,"C",1,92.8654810103153,87.3841055758393,84.86096112,89.3273515362051,1.73617908820085,86.9473274577738,75.0342013909811,7.41105373546218,2.31316806183037,92.3352099082591,4.85097297212605,5.40103078907588,"Bachelor","Noisy"
"S0368",78.4572257425965,"C",1,89.7942853075835,82.594030894612,85.6518001836823,86.2334159867033,4.02580435195565,73.3269223237912,95.8699146130723,7.25095043256647,3.52210519857607,83.2971162386296,4.02247056826771,6.57661361702711,"Bachelor","Noisy"
"S0369",60.8683904884747,"D",1,50.76851241,58.7410377295362,50.2522386126661,50.2151855706247,2.89663178351632,73.7514656348206,76.66749476,6.93863131345044,4.72024725614289,109.082782544347,7.19294490990901,3.84406041446015,"High School","Quiet"
"S0370",52.3881385129511,"D",1,43.81487155,39.5800648065425,35.5989274923633,39.3316604115581,1.90315820860252,64.1161694559548,71.7485362253842,6.87489444647434,3.51609603591481,62.1199796052361,4.642940182,5.08157750325944,"Bachelor","Quiet"
"S0371",55.28645758,"D",1,45.5427900757585,40.5858283284769,44.6635180535981,49.7527085530191,3.4664879126611,68.90656802,84.6806177611426,7.28268483813748,1.33898197914056,56.9897166050224,6.35036658178707,3.831913642,"Master","Quiet"
"S0372",43.5521808455753,"F",0,41.0022004108352,30.2352498428167,49.3095512394753,39.15616441,1.16133540855381,52.5980805013718,67.76330593,6.91435429250088,4.6179035021999,49.2455000545738,7.535630567,1.15016990295437,"High School","Noisy"
"S0373",52.9525054065708,"D",1,45.1943628415761,41.9995541031286,45.2987952830559,30.6594217449679,2.30468101651301,68.8200072225643,77.9602258789798,6.6839002272593,5.02985064335477,33.4004671258136,5.6541153814162,4.48451964711425,"Bachelor","Moderate"
"S0374",73.503537790588,"C",1,77.5653725378996,70.9499235708621,78.7188770664931,75.69126225,2.87422797836454,89.9401808240886,71.7419261677303,6.86080815277572,2.4474893255986,33.871256794205,5.05134575419669,5.446766241,"Bachelor","Quiet"
"S0375",55.4335242504525,"D",1,43.9153756653126,52.1254514659944,37.6145518394497,38.7226565610927,1.59183333643762,55.3532960557697,68.8546454316971,7.41332919675861,4.32062869641675,108.304967379835,8.648329736,1.86783328727042,"High School","Moderate"
"S0376",84.9037765400273,"B",1,57.5436596661569,62.59274511287,54.4618526259595,49.3872805888521,4.93861791036336,72.6288388075973,98.3580398354174,7.2067881665799,3.13295950527197,91.0553831765316,9.68074703368972,1.38467768990786,"Master","Quiet"
"S0377",64.51410958,"D",1,86.46814210332,83.0273903774314,84.5921602017003,80.2810089122071,1.83638945835846,83.2396207750965,68.7780574361751,6.73123064754265,5.44559677863721,89.4479173892838,4.6026425071718,4.62255531469268,"High School","Moderate"
"S0378",41.7871257311899,"F",0,41.2799564654704,52.542135492192,39.6913809816892,41.8269988246353,1.52141252017306,52.917808991494,61.5732656968815,7.128122107,5.2261277908037,85.3178537041397,4.93354194631005,4.53385129701646,"Bachelor","Quiet"
"S0379",87.0752173121968,"B",1,84.7957665423915,89.7045939773494,91.2039855174103,91.4389706836326,1.81413949554759,84.8623031304551,76.88208030108,6.92279641311795,3.62715999154821,106.429723022469,9.76007594351631,2.13543140247504,"Bachelor","Moderate"
"S0380",55.3919284098868,"D",1,55.502012612537,53.8778556949939,58.2904679161626,57.0679349818619,4.0762445326389,71.9190223304552,95.9627544259018,6.82121768477167,4.45752772906797,73.2240233099065,4.22670533087348,5.62296629536281,"High School","Noisy"
"S0381",45.7395011932254,"F",0,46.4990655191911,34.0020369448232,40.9417757345059,43.4665485781124,2.70202263708737,60.2438999962513,73.3213705510089,6.7799890677199,5.416748505,108.336974570247,9.86579401930283,1,"Master","Quiet"
"S0382",68.1490318892853,"C",1,78.3205440950283,89.77525696,79.55306799,80.60006507,3.26166375901015,84.9898546487903,75.9435845555504,6.59399394298256,3.47858505039138,62.3500523564015,4.02786689850993,5.90512305976485,"Master","Quiet"
"S0383",73.627688038613,"C",1,74.5918565728936,67.6439942390756,77.0829653153775,72.2964050217987,1.08403662794544,68.9621112525008,58.9120031245652,7.25714972068977,2.56625370244411,113.403675390518,9.24201193390799,1,"Master","Noisy"
"S0384",70.68185253,"C",1,88.2609607439879,80.0339670092035,93.9617059365942,84.7879588981722,1.13772523429326,76.6566996397457,63.5497655733891,6.6322750864612,4.76833068954791,92.8791282073116,5.8439510859265,5.779578125,"High School","Quiet"
"S0385",85.14637405,"B",1,80.42890741,85.5417595692619,88.3316108420556,74.6570940680488,2.78330219930806,80.8974406825506,79.0340512128118,6.89187134198126,2.10033127392346,53.1459422421985,9.631533149,1,"Master","Quiet"
"S0386",89.2764564149576,"B",1,84.1914511711667,96.390213202863,79.1159802120273,75.4323071374081,4.26662097280649,82.2226519754447,98.9318738519062,8.27602167232788,2.94265574003021,80.7676429519763,5.90167173181351,2.97104274447956,"Master","Noisy"
"S0387",67.9545875801574,"C",1,55.5119014914219,62.4332655839744,51.4576139353702,53.5622829586246,4.54095551483026,64.1730833035904,99.3591537592069,5.69776242259361,5.32863618553397,77.97275053,7.92583792920434,1.62342179349291,"Master","Noisy"
"S0388",55.5052061976996,"D",1,49.7591749078848,52.5787205081466,43.4712856133117,50.5494423574854,1.34682627038256,68.92755963,68.3161078325901,5.96431453775245,4.62211170134658,42.4108939557301,4.480195419,3.51809857967885,"Master","Moderate"
"S0389",77.278592412371,"C",1,81.2838113402472,84.2575830485736,80.11371204,80.8006929901728,3.15345240840409,83.2963772412034,83.16880109,7.75139678,3.0190550262375,83.2118615175553,5.45397886872243,3.89473366629438,"Bachelor","Noisy"
"S0390",100,"A",1,84.3759106596995,88.642988453601,86.7077025319312,82.2960760199627,4.65291874511708,86.4786506845198,89.5826938001159,7.73451637178573,2.07372251204179,58.3307061345262,8.6420760788755,1,"High School","Noisy"
"S0391",91.24960807,"A",1,94.477782810037,98.2724257589709,99.4144553929825,89.7490525065531,2.55189101759155,86.6232092282572,74.5404175201809,6.65306500501126,2.77984195416118,34.7113890128642,7.17211512207292,3.44531350885441,"High School","Quiet"
"S0392",77.7407592381066,"C",1,62.6939722301285,64.0999293499753,62.3142171119158,65.73520319,4.31826332571347,74.3598874549559,98.4830819566781,7.5774882837097,2.42052074613717,115.379054193591,9.56781437072227,1,"Master","Noisy"
"S0393",55.1510385349632,"D",1,60.4609947186031,60.9820002383625,58.8617571023289,53.8753351188702,1.53478261759774,68.0022458441516,65.0902115333542,8.16979129058287,1.88044643971927,87.73413322,6.57250845004813,4.31529548553072,"High School","Quiet"
"S0394",100,"A",1,82.7027128408098,82.3897472013122,83.4615028020535,86.58285241,4.7415779586712,91.6204498708379,99.9312314298307,6.56986910085302,4.71666456782828,108.922703868376,9.21887419488354,2.17960979818578,"High School","Noisy"
"S0395",68.6287042182193,"C",1,58.744194713916,54.9743717695826,54.5684802057659,53.7331096192824,4.00569327,65.3093685063481,88.4631911250214,8.62130661976203,2.26034943425086,90.8450404511928,6.69373262486943,4.08744271141817,"Bachelor","Noisy"
"S0396",100,"A",1,91.1916529081961,89.7882775238622,101.63934651667,87.4294767214309,4.76533757114761,96.1223136013896,92.5043164687668,6.15671788931434,3.27083735083882,62.1285322926102,9.87548967221191,1,"High School","Moderate"
"S0397",92.4365089960404,"A",1,87.2127013513657,78.7479172803887,79.1743962157754,79.8787753982873,3.70646893421003,83.7807904111299,86.44796902,7.46812255667539,2.92929723418055,76.141926509593,9.759006288,1,"Bachelor","Noisy"
"S0398",51.9352565044605,"D",1,63.594671505626,63.1029733716523,64.5183744001046,61.0876607711978,2.45361572799771,64.9197813,76.0813944951403,6.81014810015705,5.91038689317815,90.8172084312459,5.97482023333648,2.50019482651946,"High School","Noisy"
"S0399",89.2554692428093,"B",1,81.2979087285323,76.3549531927778,91.4159398246805,86.1744710209222,4.75272469,87.4893511167092,94.2488083036817,7.55903358458029,2.9554612207411,116.422709268129,9.315542023,1,"Bachelor","Quiet"
"S0400",80.5335563191876,"B",1,81.4998580746575,75.9819114885787,81.5338572974575,84.0779985168773,2.10226710523671,81.3794359793036,69.84411483,7.47784841248204,1.39991241398377,52.8302513209527,9.0856682452939,1,"Bachelor","Quiet"
"S0401",45.7466216999318,"F",0,45.6718127859763,46.5712835417437,44.7216176109688,50.5639233461165,2.328690088,67.0915268848893,68.5895846725394,7.42004063,1.44912876286042,108.747935276171,5.26408238396538,5.43024399718392,"High School","Moderate"
"S0402",98.378990522029,"A",1,89.6404098673762,96.6004212990992,87.853182753324,92.2511225970458,3.80323367200696,90.939484526401,93.62856131,7.03594200351403,3.95376860676532,113.167002476484,7.74574240469962,4.82700998454486,"Bachelor","Noisy"
"S0403",58.787457657903,"D",1,67.7888804846321,72.3804635146437,66.8869220758201,62.27053134,4.06126519810154,75.5842180130412,89.1403731930753,7.20883191571864,3.99681775869133,90.33739632,4.43609389353889,6.06372774243492,"Bachelor","Quiet"
"S0404",89.6237695094311,"B",1,85.4551606359258,77.60265762,92.3194030093084,83.801214514288,4.71761393539662,79.7663760938988,104.439917079597,7.3730982324172,3.09379495241327,113.81399646612,9.020264324,1,"High School","Noisy"
"S0405",56.1986974921945,"D",1,57.6027280566836,52.654587373832,46.5434185000361,53.7017324110963,1.81920963622484,73.6799309166881,75.8358356149529,7.572263407,3.15921846156015,65.8090728729632,5.047275301,4.59149450606465,"Bachelor","Moderate"
"S0406",90.9236465149667,"A",1,89.253777567291,93.95763351,96.9209460737727,95.9066520874862,4.1919921408769,84.63066632,91.5146915851602,7.10966614720533,1.26966291420436,115.77145584364,4.42488820831459,5.69760271705987,"Bachelor","Quiet"
"S0407",64.4270787862222,"D",1,61.406092330379,56.4936553626874,54.2863065681282,55.4221490982474,3.95418421358785,74.1323352582316,84.4995984731418,6.81129474485429,3.58273255194631,93.2504589449377,6.40131457323287,3.6860428520274,"Bachelor","Quiet"
"S0408",55.3254999767019,"D",1,40.5960708314164,39.4729050814313,39.2628091852443,45.064559278362,1.25517822501439,49.5293825467509,52.1222928614772,6.4728828208676,3.52369737690176,33.7805190676931,7.46153283159786,1.80765404279339,"Bachelor","Moderate"
"S0409",96.0875360320938,"A",1,89.7960087,92.5462691981823,87.6497866015662,94.2607780536033,2.54889256484083,87.13291294,68.1287402832743,7.28261963412151,1.74774659278472,111.618554863715,9.12950175135863,1.11578999127831,"Bachelor","Noisy"
"S0410",64.1749024345462,"D",1,45.0207672232373,40.1790449489192,47.9635335720909,54.1688682318178,2.13106182824039,59.3174544858935,64.4414441579106,8.05185136674076,1.51919693055464,73.6025528129873,9.845455153,1,"Master","Quiet"
"S0411",62.77214273,"D",1,57.5622500674728,58.0891275982026,49.5716283080541,55.5138171043253,2.21796169741612,77.047673219629,79.0719651114687,7.56863322446338,1.61786245299745,71.429428630005,6.63695507541918,2.41813620189575,"Bachelor","Quiet"
"S0413",96.17962723,"A",1,92.2833930815656,89.2765548618095,102.404941198,103.69165226426,3.57110965391971,87.3409852700293,87.6591191596571,6.88214089028972,4.0485409776838,43.4446092094105,8.49469347415522,1,"Bachelor","Moderate"
"S0414",82.0276141339586,"B",1,71.5390838467807,73.1379935174934,64.7232138238167,68.4508754621123,3.870704631174,78.2010918901415,77.6049412670644,7.435121962,1.98241326201459,72.2249443710659,7.39103953734362,3.14717206814863,"Bachelor","Moderate"
"S0415",86.3017881176652,"B",1,74.751046669339,66.7860780016806,75.6995775073909,67.0758454316772,4.90647054926004,72.3833190702859,93.0748733465141,7.37594623143891,2.25715076093732,104.801449504597,6.68734806906678,1.94318815627716,"High School","Noisy"
"S0416",63.0944738259473,"D",1,64.6645037088076,66.8668773986096,61.3545928198245,55.2644535392688,2.50880712983055,80.4485353070441,79.523470180537,7.12073743734287,1.8678607207572,31.3934213223764,5.85561327275314,5.9092126110386,"Master","Noisy"
"S0417",71.5729813860958,"C",1,56.1265924433935,56.0284034487601,58.2560284743587,59.6901525877002,4.20736067381122,78.0201483137813,93.5074773000252,6.23432873713845,5.78917652224252,54.5625444291934,7.01439116706121,2.21133891053473,"High School","Noisy"
"S0418",64.84197976,"D",1,58.0765499953454,60.8389997674311,58.1722888824241,48.6607989550525,2.73812385321798,71.0028425504138,76.6452121387518,6.98196781882807,5.27308731575918,30.220912779946,6.03207762674219,3.74425580145437,"Master","Moderate"
"S0419",86.6162297017563,"B",1,76.9885150842371,78.1080857545604,73.7810805390156,75.1269198195475,4.47813468725992,86.4462753849867,97.60555867,7.4112430780366,2.1524741867576,67.4140178234863,8.54207120648416,1.78854205460624,"Bachelor","Quiet"
"S0420",80.0805440404993,"B",1,81.38059912,88.2013012689416,83.8199605434278,83.56716505,1.72263016524521,77.8445585661735,75.40529068,6.81192069417508,2.63783146961063,95.5483959444361,7.26336217895585,2.17128786854306,"Bachelor","Noisy"
"S0421",100,"A",1,83.5368474049217,84.1629699181612,92.55858795,84.4627250890712,4.79074470825712,77.7828558713359,96.8022347648859,6.92261842630319,2.04946421152499,101.889464620317,9.261086645,1,"Master","Moderate"
"S0422",70.2642818720865,"C",1,83.4289978537005,81.28197015,82.474478895064,85.5562221746213,1.87508683364352,81.9191226704949,69.0977173497255,6.73708511497584,3.45937979730412,115.067078501431,7.26126348789665,3.31409323662347,"Master","Noisy"
"S0423",52.28934358,"D",1,45.016335667678,45.6278231828394,48.6151253784189,46.1277849466822,2.30488202792373,64.6828730256785,74.0118048728938,7.70751591849406,1.09805266237127,84.7654151673708,5.42957448,5.53103875246391,"High School","Quiet"
"S0424",74.6295055123844,"C",1,67.193116758642,69.9096069038239,60.7267519692862,73.5874458252089,4.02476893642712,71.6266249731054,102.208237540641,7.28974125439294,4.35684004448398,52.9164179987606,9.10655129339287,1.68494614258009,"Master","Quiet"
"S0425",55.8765225454012,"D",1,43.1657318009154,43.410032152544,38.3835499168254,38.4041498972215,2.57502056626163,64.2717068523001,65.2534243405211,6.245018455,3.61579074908821,113.173315422303,7.34331426958026,2.48487526661706,"Bachelor","Moderate"
"S0426",81.3607054719995,"B",1,70.2240885278054,70.4270469838249,72.5861199172073,66.83911284,3.43284550706579,76.64399167,87.7445701446019,6.19212846860397,5.49319464150552,99.7784178492338,5.24104622886137,4.612321997,"High School","Quiet"
"S0427",64.5213173539958,"D",1,64.2841775755357,60.774219136502,71.7047577182156,60.4208803491816,2.77829400427771,67.15055491,77.2089287989818,7.52556598322492,1.82196342164207,81.69856347,7.74104685973733,4.608061698,"Master","Moderate"
"S0428",81.361511246702,"B",1,88.8237300517065,85.5092254639518,90.6017968,92.9746891110195,3.96947974835913,87.0058301131119,92.5286561145122,5.57698324709359,5.02054623030566,92.6076194147042,6.14630058965457,4.80358847859473,"Master","Moderate"
"S0429",63.8095617715902,"D",1,59.3003256903643,52.2872993313659,57.7350355377486,63.8023186323396,1.91332500947444,73.9678040577898,65.84638732,6.09525933681672,4.95980507233358,113.188471950669,9.06643367375239,1,"High School","Moderate"
"S0430",50.5599749886587,"D",1,46.4386859035183,55.186569619453,46.4351429306351,48.6948125001109,1.23383194894751,64.0766895397111,62.0934943351828,7.16928394630658,1.63590594608443,94.115462562563,6.71979843187926,3.3801897318863,"Master","Moderate"
"S0431",60.7667269595552,"D",1,47.864542512906,41.6452263359495,41.6125038430574,53.7820108473556,2.19971758989226,69.6955117727614,75.5542287962501,6.704175977,2.99279612072064,63.1537056826261,8.358648149,1.30620871257731,"Bachelor","Quiet"
"S0432",78.5463775940461,"C",1,81.883084744461,78.4185587554814,84.90566138,75.9928804075791,2.89723465947372,74.8545234047457,94.5368975999564,7.54071581079405,1.85076320572258,94.17253821,4.57321724581742,5.29144852025947,"High School","Quiet"
"S0433",72.374539029334,"C",1,74.0019934823944,70.4099571545484,78.4136587940114,82.3381140401501,1.67208020877071,79.3407488518564,70.76098303,7.23763944456278,2.27360250228774,33.6250346461849,6.37614607781408,2.39435876447783,"Master","Quiet"
"S0434",60.6568327621584,"D",1,45.5617471867535,50.0363690714757,43.3012955225881,53.1779402953148,2.41918915862555,56.9294700613929,69.951563596103,7.02748768645367,2.31623087415272,64.7774005647523,9.89944861883439,1,"Bachelor","Quiet"
"S0435",48.5318602183054,"F",0,44.6258743363249,43.1511259448647,42.2756635975273,48.3039843225536,2.59993207317427,56.742530376997,73.8805223216292,7.07962672223766,3.78118197012886,66.5690728661021,8.850761737,2.96079403633102,"Master","Moderate"
"S0436",73.9431276066232,"C",1,78.55330223,84.7920125936203,79.8826933785118,87.46229677,1.22956737475309,76.1219969464369,60.0286032056117,7.94442096118243,3.05705465880233,45.0154410978751,4.95964481420157,5.61943148667393,"High School","Moderate"
"S0437",58.1641340533908,"D",1,44.0019653500306,40.63451223,41.8183666698277,35.7188493116418,3.33322899273682,57.29068176,74.3540740642181,7.09802905236142,5.73866402003153,32.0776932496593,5.66658429686353,1.84225429498501,"Master","Quiet"
"S0438",81.3916303979923,"B",1,85.2023032609696,86.59727407,84.8716401878405,82.5800625796563,4.53737371188515,79.8611725367791,93.7232861603443,6.54905890104832,1.63185070973503,42.0043112973969,5.97889485313817,5.237828639,"Master","Noisy"
"S0439",67.2044740358056,"C",1,78.8433224936073,74.66658723,89.3419314394399,75.1668051901975,1.60697165181221,78.35090969,69.7338619272308,6.52799788964227,5.86846067425099,88.9159346217349,7.90219336297267,3.18743615993649,"Master","Noisy"
"S0440",61.1769234686936,"D",1,44.4741829353045,55.1999285741714,43.23905443,48.08157955,3.39123205360606,66.4228638993092,77.54115994,7.26503039464668,2.15319320107132,102.205993472732,8.54196855693793,1.09874613875565,"Bachelor","Noisy"
"S0441",51.4740510715666,"D",1,44.6660742746856,38.728082179538,42.8743735145794,39.4153705766748,3.65895681964339,60.7272419438143,91.83198145,6.6182667668599,4.86436968190926,118.938314345428,8.49715965284746,2.22010389093576,"Bachelor","Quiet"
"S0442",85.5710646434925,"B",1,94.2651768175647,95.8142803686998,91.0274677893889,98.0526525642521,2.67733872167715,79.2044598749344,79.2122613221932,6.99240359396949,2.69484963086411,61.1727152797645,7.05924433783842,2.08135645134438,"Master","Moderate"
"S0443",70.66520859,"C",1,60.5848937665866,63.7537781712471,64.30585362,67.4375744865702,3.804390349,75.99278612,84.3727368847156,7.544172222,1.71540697708657,83.9441300034992,8.86492322702891,1,"Master","Moderate"
"S0444",60.4751195761328,"D",1,60.38531809,62.4543135759365,59.4791972225885,63.86133259,2.64292617396405,66.0072083762643,75.7216135529512,6.48886992016665,5.289445926,114.343047013361,6.622468497,4.876077864125,"High School","Noisy"
"S0445",78.1913713790944,"C",1,84.7039761991626,83.7775379047741,81.4571110075555,86.1227313174701,3.01854915190974,82.0583859640582,88.1771005573026,6.94723277247084,2.54430449618232,45.0337603204337,4.74328339177337,4.98498656835692,"Master","Noisy"
"S0446",88.2430950565594,"B",1,92.0986717561122,91.44956826,98.7051919174773,87.1593050516085,1.02941217821771,88.2820184127597,63.9618608497064,6.26353311974715,4.29427702113421,94.5881027708468,7.38665105,1,"High School","Moderate"
"S0447",98.5810605261315,"A",1,94.2300585102579,94.4491158701534,101.328073532826,89.9958036796311,3.76688045653876,88.1130813471429,87.7127228398783,6.62598663106032,3.83221842543313,97.9480859834247,9.713808308,1,"Bachelor","Noisy"
"S0448",83.5519846426099,"B",1,81.4358001892418,80.7007901810994,78.4336823605483,87.6838947157251,3.6453707157789,86.1887978322283,85.2652905729841,7.10949516814207,3.35878154695437,38.0077982282405,8.75796190835507,1.16344969873058,"Master","Noisy"
"S0449",59.467007956107,"D",1,60.6942772042004,65.5136727881749,51.3615774473973,64.591022223727,1.15360350930538,72.742154319064,61.9190804453121,7.25576896186932,3.4790973632427,107.512444666476,7.47220388615345,3.72616468322001,"High School","Moderate"
"S0450",50.8242670909964,"D",1,44.5925394184268,55.6451544263835,49.6301078676114,44.3974418215391,2.47300042958053,57.9897218107279,72.17118651,7.02831761753164,4.66118957046144,103.179454239976,7.88083396209458,2.13350246008118,"Bachelor","Noisy"
"S0451",99.1647872557392,"A",1,82.743080376009,79.9556214509699,79.319931247209,80.6535326471796,4.91612736316667,92.2643510579628,88.6375261030716,7.32124561728138,1.4388645706172,33.00627059,9.58337216221344,1,"High School","Noisy"
"S0452",61.0741599547098,"D",1,70.7122337354693,63.8632188375739,74.6653617312831,60.58319437,2.68294625027447,76.3277841844258,87.0403520554183,6.839651291,4.34090330978953,38.1975973392046,6.57005676660976,4.47499937862144,"Bachelor","Quiet"
"S0453",51.6850779057928,"D",1,63.33221051,62.8908002668274,53.4816914200245,57.9779484151615,3.00778162052737,70.9294041211843,80.8544412012707,6.83753314387878,5.47906050699289,34.4214204502667,5.98836483365582,4.13242539884529,"Master","Noisy"
"S0454",99.3267034910103,"A",1,89.8494911802105,102.748037868482,94.312477871707,99.4065866159091,4.63972063263887,89.7443727053831,98.3879426520014,8.19611515204227,1.28894098509932,60.12691786,9.86344939000269,1,"High School","Quiet"
"S0455",59.9388552127993,"D",1,46.1158615268383,42.0974886869897,40.0600018804344,39.713583671826,3.86904750346303,64.3051854930695,88.40093629,7.45960356408374,1.70326669616833,75.8360091611933,9.180658801,1.97433875947962,"Master","Moderate"
"S0456",69.80642566,"C",1,67.0943807359972,75.2899647632176,70.7482013313299,68.0417798421027,3.32828052449689,75.5433313326953,79.60722124,6.51458623247715,4.58315968351016,77.9112955159166,5.93826150771161,4.25540025680518,"High School","Quiet"
"S0457",59.558143409957,"D",1,40.624450462208,49.0129545325902,40.6958158013902,45.661670328184,4.19121872536429,72.7731452241075,90.9825648488991,7.139639645,3.18640824122309,54.0900083792498,6.78268358416554,3.2202423825139,"Bachelor","Moderate"
"S0458",69.0385024994922,"C",1,65.7763353096769,63.008394101137,61.0066382126937,59.5017219696655,4.45746506582389,71.5125605135632,86.5776768472674,6.51982333233076,3.01774310406844,112.043719790425,6.49046877404679,3.687439617,"High School","Quiet"
"S0459",47.0987858257915,"F",0,43.0966801625011,45.9415955584274,41.0614985978671,44.0202325364065,2.82755228694907,59.9595356111636,89.66095536,7.39774529266589,1.68483317272118,63.1436510884722,4.8945740720286,4.0347575565548,"High School","Quiet"
"S0460",70.6119827408175,"C",1,46.534985394744,54.6769685103866,49.9665776795275,51.2245630822972,2.90043345972734,63.85038526,72.8317746051614,7.31213813815988,3.53385020358894,34.0995140368817,9.74691594287955,1,"Master","Quiet"
"S0461",59.5401984023658,"D",1,46.4639435727408,44.5683048678033,46.9934158383169,46.526440182277,2.54420374260734,68.5895514642756,70.2822060068375,7.83115559792729,1.63272655598189,57.0204400387248,6.42587458731855,3.577708015,"Master","Noisy"
"S0462",96.2442900026171,"A",1,75.70656662,74.6886648158717,78.6286315187459,90.0485818947173,4.86682456007384,70.3206131572397,96.4669495788064,6.84993551335224,3.3831022815527,77.79984803,9.25197449582745,1,"Master","Noisy"
"S0463",78.9204416315334,"C",1,81.0324683595983,78.1240637898551,90.91467128,72.6894720652073,3.7886650171614,70.6884547224166,94.3270287958759,6.6634361521011,4.81807649480828,66.7399640329409,5.136137366,6.1362910167326,"Bachelor","Noisy"
"S0464",70.22153361,"C",1,72.0852820803438,67.0114984268794,64.2640740217885,77.3789247297632,1.33289226483229,73.1070646870711,63.4014676446362,6.90027829302391,2.29132178943582,54.6458267189333,7.28722486382332,2.93018098890368,"Master","Noisy"
"S0465",82.5012153707902,"B",1,92.91949017,89.6731024407698,101.005553040943,92.0554814791175,4.45183849325207,78.2901302877535,88.3377059523684,7.33056682184292,3.40393084089864,41.8190924787886,4.14376831074562,6.71113561189078,"High School","Noisy"
"S0466",69.3130393395476,"C",1,60.6178818738037,54.4981805399924,61.1396615614198,64.47748265,2.92223976334507,68.1847841992737,85.4940894372374,6.173065328,5.96007984698418,103.724805008661,8.58532290305385,1.424072451522,"Bachelor","Quiet"
"S0467",51.3678397648884,"D",1,55.7141647455023,55.8845820867985,51.2202445038867,57.9207005039986,1.27501562568995,70.3695808533976,66.4051593908269,6.53204863912088,4.43325211677019,119.653071791177,7.485483389,3.57080509426845,"Master","Noisy"
"S0468",80.6525771298366,"B",1,87.7729520504203,83.9230859,81.1213839217254,84.1071710648703,3.19886902065324,79.4327317074488,84.68086499,6.25710292499551,5.20678385652599,59.6587920171494,7.75353750081852,2.64399025575464,"High School","Moderate"
"S0469",44.4434428260493,"F",0,52.29777112,53.4667006775236,51.3521691646847,53.44275308,2.66865711590281,59.0147526753782,80.26524236,7.04628165670925,3.07423803280273,64.3458939758944,4.31032529532792,5.70309519006054,"High School","Quiet"
"S0470",92.6512552197614,"A",1,92.9772396692336,85.19776144,97.5854902288559,83.6877324122422,4.5109976194505,86.8353056431935,107.081785697417,6.32426979284524,4.83930461562928,85.6233772209261,5.26622998125169,4.72048692978929,"Bachelor","Quiet"
"S0471",46.6039771013024,"F",0,40.66849611,42.3228972690122,40.0307505060522,43.6847336107969,1.81597841443755,64.64696548,79.0852586195561,7.9683077585893,1.20254586470661,94.6597327261987,4.44598523412148,4.59957613958756,"High School","Moderate"
"S0472",92.6283798572632,"A",1,93.3433354689201,97.5109802769648,100.899110120157,94.8341277988728,4.30585843796873,78.196800541877,89.6250076646708,7.31799145217854,1.61455591271123,65.28265813,5.73348589482287,4.773429825,"Master","Noisy"
"S0473",52.7509003332607,"D",1,42.3737951572817,32.4051169444244,35.1179167070239,45.5670960004972,3.23075476474181,65.2880595701708,90.4269726114739,8.1918761586336,2.01535296460031,111.443656528363,7.76463404609291,2.19516121937071,"High School","Moderate"
"S0474",75.179526606648,"C",1,89.0128712533939,90.8831541026318,88.9524265141636,94.3034628788297,1.21844121285388,88.5929666453886,64.1002530773333,7.82967736481786,3.0097596230761,80.4003590306027,7.39711590590425,2.10089213391454,"Master","Quiet"
"S0475",82.0835371817681,"B",1,69.023561,75.161905962113,62.76159378,70.861660200795,4.88738120530194,79.28220601,101.369291133708,5.9856109375841,5.22872439162882,70.5351068765338,7.67289892968034,3.433562841,"Master","Quiet"
"S0476",92.2387763715805,"A",1,94.6130637865615,88.5648586931055,96.4312231996864,95.3535108855529,3.0504609764128,93.39893297,72.0432556059114,7.21545305853274,2.73133025393965,88.2005477843915,7.29550762826737,1.45427634583783,"Bachelor","Quiet"
"S0477",55.3267469766127,"D",1,44.0588110604469,52.4216729946355,48.4932480109334,39.6534693771405,2.163507417,73.0394751535216,70.7831453423223,6.39273989905871,4.27310596757731,115.752346342426,5.63817277405516,3.939331331,"High School","Moderate"
"S0478",67.7978943814067,"C",1,70.4619856420726,72.5570806889029,68.3581766736674,66.9008818238274,2.87762736795703,73.450532577941,74.71215573,6.47270477620047,4.54657147401742,101.509706497953,5.46704498406655,5.56067376471298,"Bachelor","Noisy"
"S0479",91.5037720773353,"A",1,93.3116394590504,89.78658018,80.2905701759148,99.2453125599371,4.43143113406996,87.2036776299145,98.45460542,7.82194020268989,3.93091177044171,33.6011817481612,4.82235810121949,5.49316483970077,"Bachelor","Quiet"
"S0480",76.2991565952094,"C",1,68.7703814293582,68.4915360410697,69.7651221633406,75.9520584578881,2.21961249754025,72.3029985484389,77.5515274774166,7.0103513391869,2.78620984085068,59.9078919665964,9.09442524942095,1,"Bachelor","Noisy"
"S0481",74.1880052219266,"C",1,74.6169250974394,77.408559660048,76.800617856107,73.4263729158792,1.7707055859468,77.3183467724988,57.3346241043865,7.0145330059684,3.88526670856772,72.34902164561,7.69887615124747,2.552127392,"Master","Quiet"
"S0482",75.8627031437564,"C",1,78.2661778941539,78.64620485,80.2876516689624,78.4961916304203,1.51628498772353,86.7974557252585,65.05267556,7.45726225781952,2.71132796394873,58.3065814988195,5.11906607502436,5.06034809602448,"Master","Noisy"
"S0483",65.3285905952295,"C",1,64.9997585622275,67.6935385244594,71.1786695213383,60.47668669,2.19143759356084,65.7748068614604,77.52368346,7.07387470593036,1.41936869276006,93.0168804747411,5.06325627892744,3.42008117478664,"Master","Moderate"
"S0484",86.3405682589415,"B",1,74.5156944046235,69.9123264392267,69.1604260063782,80.3794786309607,4.12019234816017,72.9525988414839,90.2685286700345,5.78324629551638,5.96401989093007,104.364223487632,9.238213609,1,"Master","Quiet"
"S0485",77.585578691547,"C",1,72.1372871557705,72.98409128,75.5383676830228,75.46437127,2.88650546078105,82.9545482604081,82.5103728328223,6.90621513384717,1.63591226816255,95.8210585666744,8.45638518257991,3.16013647193383,"High School","Quiet"
"S0486",89.225317957315,"B",1,89.56369058,82.4951180924795,95.5262281393943,99.2697777593231,1.909926415,89.8820278230126,70.855091485877,7.14849205729703,1.36174191918029,119.039995814545,7.95639447943223,1.3842813857906,"High School","Quiet"
"S0488",60.5433824311543,"D",1,55.4529754275727,50.9334372202487,57.0512345571676,53.5629359324816,2.33091790604152,71.9984977193899,71.9526041700737,7.51953920905747,2.50917330446448,108.749054552198,5.5718533856711,3.88652585101971,"Master","Moderate"
"S0489",98.4227616,"A",1,92.2726316242107,88.59498191,89.7517324691724,93.4298612368386,4.75969749154284,87.8423950245655,91.51407089,7.75165145951777,4.25148487036754,98.9960398657038,9.87670457867694,1,"High School","Noisy"
"S0490",94.383141145791,"A",1,88.96450811,95.1449739900526,88.5568947484922,92.1969558026292,2.3721068503601,91.9836271020051,68.1134177664758,7.28040177502491,2.64502864831116,62.5960881802332,8.7834374501368,1,"Bachelor","Moderate"
"S0491",69.0726801699956,"C",1,65.0611214032142,70.5176720061856,66.79950382,63.9827832154761,4.95249630381854,72.903108670741,103.071725610462,6.40468416413799,2.95727135397236,96.0712089291272,5.81067533881766,4.6760661633404,"Bachelor","Quiet"
"S0492",81.43604466,"B",1,74.1072928790845,77.15298348,71.6711500585168,69.742487426816,2.94092182306142,82.1818070089052,79.5065095082087,6.98544235052483,2.31056486008398,39.3668360776422,9.08538877767097,1.1119246346193,"Master","Noisy"
"S0493",56.38747499,"D",1,55.2559650639623,49.79440124,51.8774246681542,59.6630027085802,1.7166556731606,80.8380420844443,66.4739955085699,6.95599556879799,2.71522002896505,101.04001341065,8.55359169168809,2.21995592341893,"Bachelor","Moderate"
"S0494",65.4844045862153,"C",1,50.3466637848069,48.7646215363329,50.517425872247,53.9523405975348,4.56456036717404,68.1638276676408,93.5261534601286,6.5751570105135,3.05350200293272,77.9097542328392,5.782483299,3.16657553454305,"Master","Noisy"
"S0495",66.9772249480009,"C",1,65.503412271699,71.5689007715949,60.067182577385,60.92204177,2.84142149253931,72.9983469648237,76.8882706979893,7.04946721555906,4.60208034546171,56.3061155438328,6.55931712544984,3.10034239166726,"Master","Noisy"
"S0496",66.2776293155023,"C",1,59.4343725414329,60.1429571096324,54.005246897007,66.2115865469604,3.8386853740181,73.3294211968214,93.6214127126217,7.33782573083548,3.55768097117396,89.0199571605762,5.115720672,4.65855669604171,"Master","Noisy"
"S0497",81.5736969535588,"B",1,72.101086151798,83.6977338517064,75.49795257,77.952079697781,4.93484633283661,74.2241387848796,97.6722429190259,5.7069262773557,5.71782608578488,87.7457998842968,4.66631466626866,5.78933224381994,"High School","Quiet"
"S0498",50.7999666261332,"D",1,44.2754050330742,46.241994230046,38.5314348572809,44.9468875193131,1.2007014012799,74.0775410441607,55.3016904462911,7.99971993146559,1.20940196919388,48.853760044764,8.336572197,1,"Bachelor","Quiet"
"S0499",79.724905906704,"C",1,93.5917144216392,94.5519600040893,96.9232769261852,93.9897037335193,1.38677823915027,87.6962123992995,67.5860412692035,7.70880384784059,3.51534161316014,32.7357673330374,5.6050711441232,5.31058266013514,"High School","Moderate"
"S0500",97.8326008521458,"A",1,94.2415909463782,92.6960086253656,96.5545474106479,97.0118798019577,3.88182696585102,85.7561288720615,87.7938863391867,7.7749419193672,3.92112394415859,69.0260328211507,8.92035619447752,2.26605939604009,"Bachelor","Quiet"
"S0501",74.4380670068661,"C",1,78.39889427,79.06659879,69.769860627133,74.09037892,2.12730001318189,75.0210021104428,71.4299794594828,7.752310532,5.60098493,81.25606824,9.97365226908656,1,"High School","Noisy"
"S0502",65.2575831434855,"C",1,69.4853001489266,68.72295097,66.0974768872483,69.635457544747,1.7372055878004,80.2287510324955,75.4099474100015,7.17526588984626,1.24579261810714,108.894475053354,4.45971888357789,5.04940822152854,"High School","Noisy"
"S0503",57.6814460795114,"D",1,57.024018895748,60.564562279191,62.9945659109849,46.2621011727021,1.15744751927892,72.8479465120127,61.4716724060366,8.25186083579478,3.867497925,113.539511608283,6.8382107505022,2.62985774120571,"Master","Quiet"
"S0504",79.4288681865717,"C",1,84.7587260838822,89.54223767,79.8528984281838,89.1410043113969,1.08738684794481,79.8925911848706,62.31978685,6.24245191295367,5.26814964263979,77.592469634109,8.81237535586482,3.82001084881268,"Master","Noisy"
"S0505",88.9774134250795,"B",1,77.6602144904634,73.7302671879236,75.3381931789164,69.8527483782541,4.09794241247916,81.71236397,85.08480667,7.04087568013089,2.20963864059618,97.842313539169,8.733705379,1,"High School","Quiet"
"S0506",43.8192160568297,"F",0,48.943931663969,42.2877668961801,51.2542361302285,56.461030806114,1.537733709,56.9291859909202,64.2789898330272,6.54909766465302,5.38146174261969,69.5372945095197,8.55998295,3.11764249217032,"Bachelor","Noisy"
"S0507",81.61419617,"B",1,90.1009951471613,80.9199682816449,94.0179476935743,88.4503946773291,2.8708824638846,85.9753504489465,81.7564548648891,7.38040421904206,1.09521704637146,97.1473940915604,6.09396961181147,2.63939839308192,"Bachelor","Moderate"
"S0508",80.13612210836,"B",1,85.23954836,87.779505,83.9818539305518,84.1812134511184,3.42358726071793,84.88355594,76.4590039379731,6.80084012662267,4.66227314566865,48.432137244525,6.72311953411031,2.28722949972532,"Master","Moderate"
"S0509",90.2071902968631,"A",1,92.2389952310558,86.7221622001865,89.2514442575976,89.1003257006333,2.71340720227539,94.656146663324,78.13829749,5.640291574,5.66556610584326,63.3958261323178,7.56981014404882,1.74358532410298,"Master","Quiet"
"S0510",76.1823876652299,"C",1,79.91457296,69.1501199965974,87.0264222698523,78.4743785917494,1.10842660934493,76.1031924670365,61.5882214566734,6.594827207,4.28598830820031,87.0805198932253,9.84364350143954,1,"Bachelor","Quiet"
"S0511",68.6061833988863,"C",1,73.7378357764684,75.6807287991233,82.4323340954563,80.8304925022086,4.13400601035164,70.47715474,91.5464973814535,7.68424725121017,3.19514622,31.6342169046371,5.96528362563096,3.76681764021054,"Bachelor","Quiet"
"S0512",79.5698197987485,"C",1,63.003366995984,75.468364583148,67.897657249893,50.5643237133086,1.04205289816661,67.0245436933668,65.6063234749573,7.60414782957535,1.22440508236359,95.0215179305059,9.53886332630115,1,"Bachelor","Quiet"
"S0513",79.9009918081341,"C",1,91.3000665844707,91.2697120267713,91.7266572972958,97.6848935149117,4.04755957750994,78.9671907906608,92.147788349342,6.390627173386,5.60056906661314,105.1981951,5.61614150908296,3.56451689818246,"Master","Quiet"
"S0514",100,"A",1,87.6335139225225,91.8259677947807,83.5921853143178,89.323631328031,4.57321797515249,90.5000437500562,103.122539243307,7.23218496832129,3.35148111345787,65.9227494984556,9.93444679284223,1.2240252036311,"Bachelor","Noisy"
"S0515",56.4354586716946,"D",1,42.4870268558404,42.8961736485782,38.3348048230576,36.4519186165543,2.73135968422869,68.9867099030404,72.3456492643167,8.24183569815491,1.144983722,70.3148175459448,8.02158212096555,3.20221150154761,"Master","Moderate"
"S0516",47.2113109215044,"F",0,41.4501835973489,40.9557353313932,44.0627541236776,36.0736216321027,3.14216989239119,62.3261746884186,82.1013217600037,5.83765603691214,4.44910535664381,106.615399099488,6.78106888215131,4.16822761622401,"High School","Noisy"
"S0517",73.1997030266343,"C",1,60.7054851782927,65.3008675932316,62.7974762827361,69.0874503143338,2.90793357047062,76.4592173175721,79.5016696366559,7.26950614555433,3.40918626788129,99.808917179343,7.68034256838163,2.8436563872027,"High School","Moderate"
"S0518",75.41566868,"C",1,84.58043319,83.1290604720575,91.588426157733,79.8528987932871,2.55683447449376,82.9600084994016,70.2220722761622,7.3794124542155,1.62172658721205,55.9334540130038,5.63518701424124,4.45755605153831,"High School","Noisy"
"S0519",96.8771143183944,"A",1,94.3001871123219,95.6371486826815,97.5524375750026,88.5334345593421,4.54969814148144,86.6745353176571,100.278456425271,7.461911234,2.0713590465513,59.1578495905385,5.645043145,3.85792616426529,"Bachelor","Noisy"
"S0520",49.2972043375528,"F",0,48.272929010694,49.8814180416741,40.757527501895,53.9595017225177,4.57573404267996,62.4712764100782,107.380706956064,8.13323906419742,1.32245340227923,91.09904092,4.68132726306096,4.36551523218395,"Master","Noisy"
"S0521",73.0814438059529,"C",1,72.6771893443674,69.3367370761522,77.936927432982,74.36995373,2.34326545856614,74.7866397152959,73.3476242132422,6.24146636473122,3.87146769854287,80.6878283203345,4.68430178623239,5.6786939172003,"Bachelor","Quiet"
"S0522",66.6804538032104,"C",1,60.9489971147062,65.90920886,55.9586939781341,56.2593692320242,3.46027901605879,62.7354907758079,87.1278956019568,6.26063356040044,4.11014739626005,44.6006613986847,6.08603044881347,2.74033915863973,"Master","Moderate"
"S0523",94.2850520576426,"A",1,93.3452918798032,92.4704930963261,91.4254355200414,94.4284167568263,4.70763024858346,87.9939197579383,97.49889486,5.97367157260993,3.52871149177722,57.893691830625,8.577132867,1,"Bachelor","Quiet"
"S0524",93.9646192081363,"A",1,86.316540772464,82.5378149749998,87.5675418037224,81.18777735,4.84823399576541,82.9566008351618,94.9144166081182,6.19976732961419,5.08551066501308,110.998494919079,7.64782700558897,3.50508625061583,"High School","Quiet"
"S0525",86.4171993091447,"B",1,86.1080787591126,88.7906279769646,96.0864162080324,91.61218575,3.035836162,86.7808429999457,71.25456023,7.07370294022739,5.30504410654007,91.9356993050037,4.61550736198612,7.28514167973596,"Master","Noisy"
"S0526",71.194615629805,"C",1,65.7781237887234,61.2857838797682,81.3277165687502,71.084978613089,2.81129922113731,73.3566793765547,74.5841247958962,6.71626981073858,4.07812198341563,118.737688591697,9.11341914985547,1.27987598831102,"Bachelor","Moderate"
"S0527",65.649945347482,"C",1,62.8150726285716,62.9559784154172,65.84868792,65.47510362,2.1147772637141,70.5940178064403,64.1879807323824,7.01080283261146,1.06378239853715,99.0311276982692,7.6082057619404,3.49825139035425,"Master","Moderate"
"S0528",73.077061822971,"C",1,55.0373889561888,54.9917939729678,54.1214058625869,56.8456942624239,4.835487493,63.1627293280563,106.875385317912,6.41431614409087,4.47614827873868,114.777698892923,9.76513346070868,1,"Master","Moderate"
"S0529",50.6598226446798,"D",1,43.100652315801,48.5301301449589,45.7731805582037,51.9065929401379,1.57125721789147,61.9110923420093,65.13702371,6.32907032287416,3.08999608460176,49.4569716483428,8.02111280446725,1,"Bachelor","Moderate"
"S0530",79.233368029175,"C",1,87.5597306940279,89.93322186,91.9980078233971,87.5581623309691,3.319318304,87.4710515010948,81.4635863966732,6.28907072429484,3.82778741613193,99.4336387335233,5.05104918222509,5.5611224363935,"Bachelor","Quiet"
"S0531",75.5971937281256,"C",1,84.7095555021543,84.5844207084286,83.1062173743683,78.8001848750503,2.13020107007456,76.6380827956578,75.7477798246846,6.920788552,4.24540301009442,31.8195768133018,6.84270017384693,3.726589149,"Master","Quiet"
"S0532",90.6278498558516,"A",1,94.9844720307372,99.0733035267386,103.960528810299,97.2318415948987,2.11603316139119,87.9296047837723,65.5515760996324,6.58770841535637,2.75118307163538,90.3684019540381,7.89098558528323,2.18068296859702,"Master","Moderate"
"S0533",83.2405806835129,"B",1,94.81502604,101.766063784151,95.9653798350218,105.24526128675,2.61987434950475,88.5727277771798,72.3644233050248,6.880669395,5.58549252585897,72.2354050308217,4.16958820629987,5.58803633559502,"High School","Quiet"
"S0534",71.4890435775319,"C",1,70.5487438081445,73.3377953399038,73.0374592536015,65.4749463422152,4.99517174326262,71.6840479859809,100.292078778869,7.463477554,1.66987433374891,61.2084064728062,4.08946158492885,6.872748994,"Master","Moderate"
"S0535",76.0743134586091,"C",1,82.2943078349281,82.346070934145,85.6239290952004,80.4869940014581,1.21986522735929,78.207872392924,67.34249723,6.73552964105071,4.35755903640519,107.616391706378,4.77641800359141,4.23784896298112,"High School","Quiet"
"S0536",92.9569092714911,"A",1,91.9621151435335,85.4029339817827,94.0700481966058,94.04434533,3.31416727281413,87.1341118155978,85.65009795,7.55427414626118,1.0217978997829,106.884092339178,5.50998661027282,3.71623281083652,"High School","Noisy"
"S0537",70.2533849547776,"C",1,86.7306064872576,81.4050381718808,90.92530899,86.4610822422289,1.33028863214111,77.69819815,64.54451203,6.69944726116409,5.6232555270259,32.0071534408779,6.57729474112405,2.41459875211552,"High School","Noisy"
"S0538",53.0588657236563,"D",1,53.6041455958759,52.0780220741025,50.5178796631413,48.6926276939893,1.61808331996208,68.55169137,66.5714218758009,7.92282374403137,1.56252066619046,84.8554610204488,6.92464284255873,3.1603301200771,"Master","Moderate"
"S0539",71.5177640140493,"C",1,64.7799274420551,61.7323664312587,61.988418672325,70.38921672,2.75825176709159,67.9131918527316,79.5836969485498,7.72520083073472,1.47442115073787,63.1049001888861,4.82816565362738,4.08394133426336,"High School","Moderate"
"S0540",62.6650475739047,"D",1,47.1037678333322,46.168911318405,41.6029966684738,58.7039714434185,3.04184052538577,68.86615238,81.4266697795039,7.48288310337546,2.66503816526122,67.4094901350404,8.04034947469498,1.27540834478977,"Master","Quiet"
"S0541",92.3115592438021,"A",1,92.4728064992297,92.7560561237153,94.6703126523309,93.4534637943493,2.0351696334581,97.9255419765564,65.2018349606963,7.03360573598117,2.8678314301954,104.88366652969,7.57682837017921,1.71741606759359,"Master","Moderate"
"S0542",72.9732885713919,"C",1,73.3396048947984,75.9880686665821,77.234287412359,68.8192634461184,2.26582852349766,72.3660184388901,72.8886813431424,7.64965139497021,2.07150036161439,57.885579437491,5.76678459304696,3.97260707461908,"Bachelor","Moderate"
"S0543",47.098922975799,"F",0,52.5753543026904,52.222860412395,54.8642186334499,44.8305516774231,1.34786808102373,68.95871646,58.1102375156486,6.65337862087241,3.92560830463562,114.874392957386,4.08195930061175,4.43066625298427,"Master","Quiet"
"S0544",71.13612321,"C",1,76.9435376423221,79.3760458614531,85.3159998090598,78.233417548428,2.212879135377,74.838059296751,72.5342040682741,7.03674466401826,3.21457049020982,46.1670443734927,4.46588749211974,5.62131749991752,"Master","Moderate"
"S0545",80.6536180022886,"B",1,73.9970532251843,74.3194252992349,73.969073131039,79.5164399417656,4.86623375752218,82.2032974815811,96.2590978677806,7.511414742,1.17087794520544,89.6450181,6.35016865306504,4.89713499759964,"High School","Moderate"
"S0546",70.9963251084955,"C",1,59.6989494918062,49.8216166600369,63.0426577697688,62.0747882242831,4.77882952668993,63.523182700477,110.485203380814,6.99191263695745,2.5982603112765,90.4894560312388,4.9238461069941,5.21164526532266,"Master","Noisy"
"S0547",45.4771901010364,"F",0,46.24566757,41.5489906018858,40.787163190283,46.2336483663853,2.339513161,65.5257675776284,73.1956596867208,6.13979473077935,5.05216456786585,52.6975645285126,6.26091763688783,5.2804035079135,"Master","Noisy"
"S0548",77.0931707751529,"C",1,76.936525757604,76.2160879789959,75.001027245232,73.9901674986575,3.28341574511505,74.1033180443552,75.8129596198425,6.89929275,4.44850767430934,59.2275548070482,7.769095627,3.56490255881479,"Bachelor","Noisy"
"S0549",79.7574220513668,"C",1,68.6169235497086,62.5684498355031,72.0946123375375,63.1561053861182,4.63838156444378,73.2735388293625,95.7129145910531,7.26799667603691,4.6243542678994,105.131864332195,7.2834245672757,3.49431047997215,"Bachelor","Moderate"
"S0550",70.7551526220668,"C",1,82.4775115454602,85.4771551954412,86.7230220991759,86.6512681770846,1.02473529056359,76.0836293969936,62.8441466338253,7.23837559970949,4.49058462041762,98.5624729459457,5.38705529882437,4.687630544,"High School","Quiet"
"S0551",78.0426100071832,"C",1,68.6089925611596,76.2627467228781,67.1391578228387,73.1778506680876,4.24273428135037,78.41624864,100.794162544266,6.60525779995273,2.55486510691517,59.6186292283284,6.06293494755251,3.95956544069292,"High School","Noisy"
"S0552",92.86507443768,"A",1,86.86998252,92.9637917760063,86.5119862582294,79.141333584066,4.79347821115568,79.2500894865619,94.9875201118632,8.19510564258827,1.49831961038388,78.056089224144,7.6841871906919,3.07961258167136,"Bachelor","Moderate"
"S0553",71.8748088839028,"C",1,70.35487613,69.2876617779457,62.7655073991927,78.3040710235001,1.36530293733423,77.9372593629575,55.7408895032241,7.13221997314139,2.36233592,35.5512266627786,9.16513016826069,1,"Bachelor","Noisy"
"S0554",72.4385262504675,"C",1,70.8515884344462,78.30521912,69.0664424304132,73.7219445389162,1.64579074413168,73.7053040759114,70.5420924984718,6.75268855729506,5.1589265009258,48.7871294158766,8.51928063243326,1,"Master","Quiet"
"S0555",91.4307746559823,"A",1,88.215948146209,88.9592854322195,92.66786396,95.2139213719379,4.84298521108542,83.5356122141102,91.526858581356,5.77618613730179,5.90235398891536,73.7238502974359,7.320400161,3.17160389310247,"High School","Quiet"
"S0556",63.2788739028819,"D",1,62.1915576416818,60.5061277860916,65.0675827222147,55.4809188992563,3.15016057456139,71.8345583578416,79.3208285380764,7.03021943482466,3.46923507370781,37.737636175129,6.17375798989892,2.69517338016611,"High School","Quiet"
"S0557",48.010857960041,"F",0,47.3708375647852,44.3038242470805,49.8741661716913,40.541716787708,1.05678653788689,59.8762954240984,59.279762951314,7.842311059,1.04850177461521,105.899911940274,6.19030766525083,2.84755110655878,"Master","Quiet"
"S0558",59.9136787795675,"D",1,41.5830471972336,40.070698764793,41.8319156331385,40.8382006483972,2.03052799505412,61.8433591663213,69.9571126840406,6.747630386,1.70022406067115,94.6205589096883,9.27650386158638,1,"Master","Quiet"
"S0559",79.3001950145462,"C",1,81.532549062049,79.59166497,81.5678648551899,84.046471196525,2.79977469707544,88.4179473527966,81.4435692561261,7.5210127201977,2.61040287658133,114.927030358365,4.23546145624328,5.66941366620325,"High School","Quiet"
"S0560",77.3999188936714,"C",1,74.1170253244406,74.96910644,70.8154196270733,83.0988294390754,3.77163564409907,73.16803873,84.2981850295588,7.50508948102973,3.89292674296475,92.4120215367624,9.92789586652157,1,"Bachelor","Moderate"
"S0561",86.66250898,"B",1,78.72438725,79.5272571507066,82.21852934647,82.2547818145329,3.9326415125472,85.2212443390979,87.9577688646382,7.50003555845122,1.37546822902657,114.636123503597,7.98625246510937,2.17923909902377,"Bachelor","Noisy"
"S0562",65.1559693631962,"C",1,51.7130288829901,51.7282589837572,53.817893604937,50.4996224989299,4.98168605170182,73.347002608934,99.7455087522713,6.96504811734918,5.71678649354941,79.9061300121868,8.08682619443434,2.87931346642671,"Master","Quiet"
"S0563",40.7939017751583,"F",0,47.5004311572723,49.6851220060041,49.9605253972363,42.3685851189429,2.15004479753504,59.669440633496,72.24843776,7.05752774334719,2.825418366422,84.0196749955772,4.22798702382845,4.64367140590576,"High School","Noisy"
"S0564",53.081900741913,"D",1,40.7999566117335,46.7531879856652,38.1697823983956,46.9499594753293,3.1528804074739,53.124705280414,82.0179399482786,6.75591593863607,5.56292108962412,117.927394916363,7.63317564934763,3.63930768150113,"Master","Noisy"
"S0565",66.18112438,"C",1,59.2823157343628,64.0300864115695,48.5156011350066,54.4587886056093,3.133294191,71.1509623680402,83.51297079,5.41993231288892,4.90260901378511,87.7916232177834,6.90866836054268,1.53116081432737,"Bachelor","Moderate"
"S0566",74.7730967651151,"C",1,72.4454727770048,65.0209829347553,77.93123634,80.5878155508664,2.622581038,73.4856987746681,80.4450079260982,7.77623298088336,4.77718636257791,32.7707911974672,4.6346734413644,7.48265070300655,"Bachelor","Quiet"
"S0567",55.4872286585411,"D",1,61.5734224804853,48.80381681,59.1792352004433,60.1514992324527,1.67664757536968,80.1297273360577,68.7296463319517,7.53764975294813,4.033597899,95.1422498967471,5.66753206461615,3.92120750490036,"Master","Quiet"
"S0568",79.2141322183825,"C",1,64.06112071,68.7327202675015,59.7472418910895,72.0140310743944,4.909826253,72.20459806,101.3661901449,6.61751152229539,4.13391908525922,111.492182292367,9.34188673728191,1,"Bachelor","Moderate"
"S0569",90.381560135588,"A",1,89.7287281971562,82.894334705079,93.1961227567261,93.1233846474526,4.41326874666634,80.8533670584022,86.221571632931,5.75695063385372,4.190016176,101.602222481489,7.29993049519572,1,"High School","Moderate"
"S0570",60.3638583268741,"D",1,59.1540506862815,58.03022368,57.1939874866859,58.4690732390692,2.99333211317695,63.8412277880822,80.1844596275979,6.90093210361437,4.143606935,82.544994536288,6.48049945104345,3.45736448248724,"Master","Moderate"
"S0571",70.2249968140042,"C",1,68.2694219037896,62.4188567734928,73.56910382,65.672440044659,3.41298169073612,79.5842357473489,86.5273546473692,6.147444879,3.76864115699181,90.4173161784165,4.43609293504487,5.79238924267333,"Master","Moderate"
"S0572",83.2358311130872,"B",1,83.1009157007629,74.0910135128628,86.1859454486464,81.3963763140325,1.90904421423865,78.69453798,72.7351481152387,6.44280574105441,5.93207009241444,119.11726103265,8.28472916441383,1.62910873148667,"Master","Moderate"
"S0573",86.6468265092477,"B",1,61.8098530276699,64.51716667,65.2276996436723,63.951436489546,3.17514828156699,71.1240705111371,78.2897289445009,6.8073470084436,4.66145283712848,38.1595879658405,8.2171049403762,1.21981398257143,"Bachelor","Noisy"
"S0574",75.8732285686338,"C",1,74.214768512533,78.0105443140463,67.3849899565304,74.6005509936216,3.7798805324859,81.8863979818289,84.5036089504158,6.06387883291021,4.88473194196261,90.0520345769916,7.68426164183538,1.3691738396368,"High School","Moderate"
"S0575",84.3044253167068,"B",1,87.430003981071,84.5474519774374,93.489723908003,84.4609469407275,3.06066811354636,81.2937102308813,77.7361777590456,6.95178928918168,5.36231407541837,55.5057925113534,7.06157587732389,4.06895074221342,"Master","Quiet"
"S0576",91.54504465,"A",1,92.2236343,79.2684228404458,93.5298869573396,91.3954772495821,4.96114068233977,85.8821730068843,102.293476322854,7.77932770731431,2.07819881362925,87.60813569,6.60270641324424,3.42810072175371,"Master","Quiet"
"S0577",61.1229227203485,"D",1,48.0890414510971,45.3578192098347,46.2426557548661,48.4819265996928,3.4453666249909,63.961678676436,89.6230715245301,8.06220543,1.4190207954753,84.6861218295545,7.55962655792795,3.98112581858882,"Bachelor","Moderate"
"S0578",90.6327836737235,"A",1,90.9623193838822,92.9213394108949,91.6792617205934,80.3186489118081,2.48389485036868,88.8977822495215,72.8016479672288,6.980087197,3.41447218299299,43.8111148897346,5.40037271037044,4.07314493483464,"High School","Moderate"
"S0579",84.2143992501693,"B",1,67.06639612,59.671838275504,58.18521995,69.35723669,4.08860811046335,76.4869197372389,95.4258926727688,6.22111692311424,3.57040347809637,48.6071981166215,9.64755438506589,1,"Master","Moderate"
"S0580",49.8981358982835,"F",0,54.2034413564427,55.1202409553385,56.2467054138461,49.3048352328587,1.68185004632657,66.00115202,67.4358995090886,6.94516346618069,5.14590889974959,85.9466620238892,7.53276717508138,3.28282706951479,"Bachelor","Moderate"
"S0581",69.7061593836561,"C",1,65.2524665931044,65.1759173472394,60.105609052194,59.4858045770756,2.53806325482507,72.9444786040348,74.7592036624385,6.8991389315086,3.21891789641168,41.5406952573397,5.86715466612626,2.50987037187018,"Master","Moderate"
"S0582",77.8740312777478,"C",1,93.9017916407012,96.79824914,87.1384402114836,85.46506991,2.38783580151034,85.0920007627332,72.8214368660136,6.1488303900872,3.85426512772156,53.8662787617291,6.69807910531094,2.08845753453613,"Bachelor","Quiet"
"S0583",59.0877025946077,"D",1,67.0939951696078,67.69189701,59.4821992385184,58.1245326802684,2.72722838043111,66.1589355502067,81.0053406273219,7.58541327521698,3.63535469256729,105.17209929642,8.83410873326135,2.26337623809181,"High School","Noisy"
"S0584",64.5278507627218,"D",1,58.081338565813,53.2159938614052,63.6447804407626,51.3041010502515,4.12711930371491,70.3286735698971,92.89908212,8.69239958461517,1.19101391878696,59.4382355401475,4.96969636438178,3.85836970639502,"Bachelor","Moderate"
"S0585",81.2303123778267,"B",1,74.8370469874199,80.8199044957424,71.690730018956,71.2919421992675,2.936692129,86.8794823,90.7460484247745,6.75655359061503,4.076074483,73.9254140642697,5.75701373476156,2.42393525,"Master","Moderate"
"S0586",67.3014476950438,"C",1,53.2080090328006,52.4153611676658,60.8766475823831,62.9743047204335,4.17605780106385,62.185408812945,87.4994547956519,7.53749564864027,5.14021642887126,114.702630163126,8.07704813641933,3.79147905165376,"Master","Moderate"
"S0587",63.9995192739235,"D",1,44.1724830459765,44.0359603484269,41.493475730715,41.5430846665005,3.30595561255946,58.2210929749747,85.6500646357445,7.50940654219197,1.78750274037902,50.4434179953252,5.89293523889334,2.71324711323245,"Bachelor","Quiet"
"S0588",55.6278366587185,"D",1,47.0883847050857,42.4220449097197,38.551594917121,47.9771352364259,2.36827773863022,59.1905534943241,71.0367723372446,6.61827444702693,3.97165866963298,65.0663415622209,8.7550100911688,1.42910930715937,"High School","Quiet"
"S0589",53.2044823045469,"D",1,47.0425211426775,44.8261098867199,41.4598989429342,49.0449280752091,4.239914975,67.1442194649544,88.0527148123957,6.494354956,3.96805272223207,84.5811998,4.78272092306416,5.28636426966011,"High School","Noisy"
"S0590",64.7726758334112,"D",1,48.3546481431762,43.9306345730417,54.5337062432109,49.0099740742554,1.95315868221237,66.41975134,69.4772511369488,8.27226375791183,1.82092482028179,97.98050366,8.576117023,1,"Master","Noisy"
"S0591",45.9169290092915,"F",0,47.6354944957176,46.7707641961004,46.8560036060342,47.2482771920876,1.89753191919918,63.0250587857765,69.66208159,7.124732699,1.617317869,111.148804804143,4.4101102891034,5.32257268772879,"Master","Noisy"
"S0592",71.90218743,"C",1,75.24811096,83.8066533648885,72.5066744817238,69.2716421461806,3.01801169621934,73.0339601738936,94.77098474,6.59755674052277,5.90025971488242,112.392568881616,4.07555567600497,6.37285757347414,"Bachelor","Noisy"
"S0593",62.3857699204095,"D",1,50.003404641953,43.1438989272962,50.8034957712169,57.258042383349,2.04339698384836,65.46358628,69.5132407600675,6.829839328,2.96859584826519,99.8976066935361,9.38934111299297,1,"Bachelor","Quiet"
"S0594",52.4699434677795,"D",1,59.0117005828125,50.9438935934288,61.52061426,68.0476838010019,1.03634813980487,61.6827396547272,54.7125877506252,7.12871402562752,2.13710864361765,50.5497752933979,7.48803530159379,3.415485382,"Bachelor","Noisy"
"S0595",93.0128981643243,"A",1,89.3233625448306,96.67921418,94.910356624343,80.9100690742172,3.59319010919521,85.3788141067028,87.296954679424,7.95813803030322,1.85662272227187,32.2328397038309,6.11096138252087,3.5015473025737,"High School","Moderate"
"S0596",76.2070868467327,"C",1,66.067890214458,65.0212718286986,73.31038636,60.9477472600261,3.04437528588959,77.3915670376687,70.0705526711641,6.50857900648047,4.33800856791617,64.5396537320061,5.3955678217831,5.31693662030906,"High School","Quiet"
"S0597",84.0640195209216,"B",1,76.7156756186565,73.37031193,74.9168323897111,75.3166239067715,2.78207125797264,72.1018421261599,77.3609286667051,6.58343436429894,4.04722648663639,42.73939659,7.7013146995649,1.60935623235503,"Master","Quiet"
"S0598",60.885998862183,"D",1,49.4775929160896,54.67711635307,42.8473544856794,44.6549039415387,4.86787405847326,57.0762050738965,98.7588669962084,7.30107416410628,4.21776061493709,93.9348882694468,7.05401310122043,1.5355194823668,"Master","Quiet"
"S0599",79.8168495506497,"C",1,50.5758960344769,47.5478183357926,48.5085702288605,53.1057238017562,3.28479673585165,73.1851374757128,86.82096927,8.36668960534363,1.44003013755726,89.5017528143145,9.949586653,1,"Master","Moderate"
"S0600",68.7860218184122,"C",1,42.2477738946563,51.377822462391,43.5491764275708,38.6064128826233,4.45372631115754,58.0650887498052,99.4053743587146,6.68204302639446,5.46767291749218,33.9574477459309,9.89929591992247,1,"Bachelor","Quiet"
"S0601",57.3043514203417,"D",1,49.2914284689691,52.68105783,44.47263384,60.1167088080021,1.55780094482064,70.3254534642036,63.0601613536678,6.78871551697445,2.94633198404524,105.293440121786,7.81014739684966,3.19943857104154,"High School","Moderate"
"S0602",63.9279662390055,"D",1,55.3224686467577,52.8829116060292,50.5367140722825,61.2752116184757,3.27682585251771,66.891246,82.0151884520274,6.97464164070567,2.56684703215179,52.38689397,6.65722303663534,1.8282034543061,"Master","Noisy"
"S0603",68.9155146007581,"C",1,49.7355766352211,60.5221177015486,51.45451604,50.7984467883822,4.47191850692361,64.0580142329039,90.8885809161828,7.046415461,3.3118072362387,68.9004367941938,6.94684581480797,3.32719302584133,"Master","Quiet"
"S0604",59.4205497957174,"D",1,44.8786393566381,41.8500647416214,44.6353775987858,50.0135706732367,3.33242302911959,64.6313831758023,77.6839175171575,7.27536593234139,2.95033032873814,90.1140361910168,8.09487439742117,1.63920140850639,"Master","Moderate"
"S0605",53.62873667,"D",1,46.634972910533,50.3454497705796,46.798957887591,52.1644750323196,3.87205671250801,58.8974921715343,90.2700410219832,5.9107015402214,5.317885016,68.64769082,4.60944726541229,5.28790416113708,"Master","Quiet"
"S0606",60.9026466776514,"D",1,65.3428322417999,66.8392951438324,61.5503555682996,62.5230948015087,2.48817427124883,73.33390184,68.5138149695053,6.66762750699309,5.646304876,69.71590225,5.97011244286431,5.393494852,"Master","Noisy"
"S0607",53.9072820533596,"D",1,51.3483545123186,57.8570609593126,50.1963509412898,47.2672682896088,1.36979806814827,63.7667301820388,61.6248461786233,7.28757684014539,2.51726608224803,35.9065195802166,4.45163344602162,5.1099391867631,"Master","Quiet"
"S0608",61.9265029070409,"D",1,60.0348423576442,67.8423983412784,55.4136766363026,60.4255576724924,2.83160118050829,63.4149539617969,73.3401420055867,5.546242129491,5.31967903729977,66.1299194334003,4.44016455710152,6.17143700444817,"High School","Noisy"
"S0609",66.0252700737032,"C",1,67.6879498970171,67.847970642346,72.138941952641,71.9961305195068,2.577917563,75.5313853221406,78.5275915650056,6.06325206447003,4.90761564766534,98.8363103897985,5.1750354513654,4.86252790001571,"Master","Quiet"
"S0610",77.2045273284274,"C",1,77.9717155746151,74.2046262228842,83.1479622482339,78.6670175678822,4.46824073,77.669318752918,103.68955779149,6.05172415465703,5.65403836172381,112.365870346794,6.91151952755936,2.93646156680794,"High School","Moderate"
"S0611",48.781434300577,"F",0,42.1621676912604,44.462028405956,32.93122838007,34.2771852803055,1.97598120940989,60.2959597034067,63.2518721800822,7.29494568730064,2.22875156092944,67.2147423357035,8.70864592697674,3.59132319740974,"Bachelor","Noisy"
"S0612",84.9598542116717,"B",1,83.9675719399973,80.57899509,79.3200176390353,79.9534497202431,4.86693691014043,75.9329812529279,89.4042766869165,7.77920067257053,3.8847957506049,68.12272442,6.91297534699524,1.64568290728939,"High School","Quiet"
"S0613",79.447451922225,"C",1,74.5345214219999,84.601457659633,67.0518751465495,74.164657104028,4.83255247921798,85.224262549814,97.70109037,7.40726877595915,2.37272292370222,93.2364395691287,6.01285966336522,5.27627217207223,"Bachelor","Noisy"
"S0614",42.6766626212092,"F",0,44.496746757188,45.1794234126016,41.2466270851535,44.1184187355588,1.99052657228575,66.6319443105246,69.9837547026463,6.04347231932413,5.12047245242187,114.849480099475,4.49411794202055,6.16228862346942,"High School","Noisy"
"S0615",83.6450037412869,"B",1,88.0468243258727,86.22021657,87.6296344769209,97.9095352098218,2.39220782190928,88.8441915837963,75.01537475,7.80232911629698,1.02662095285532,54.0354846215424,7.30177313909878,2.21870186626944,"High School","Moderate"
"S0616",79.1607501161834,"C",1,90.6479820292497,91.5713835585743,83.3997559307571,83.7180423172547,4.582222963,83.7967675024165,93.5906270587837,6.67672738194347,3.82409581443198,69.6129785884143,5.62761151889906,6.00170699854255,"Master","Moderate"
"S0617",63.0773675388601,"D",1,43.3592877920175,36.623656344369,38.7499887263909,45.8872340011969,4.866488884,53.0337294484917,97.6616923417171,7.35357397285889,2.696017156,101.637591919707,7.68960506750288,1,"High School","Moderate"
"S0618",68.4940262582765,"C",1,55.2282706480962,50.3702004555429,50.2084837876887,62.6738361897377,2.77375641134418,77.3787222364957,79.5751161661448,7.50625828290108,2.6134185353891,84.8724212436635,9.863126435,1,"High School","Moderate"
"S0619",79.717998304846,"C",1,84.3410703886184,90.34313993,85.37740704,95.6983191157324,2.28398818256359,81.8650476542798,78.04203629,7.33725583781459,4.22453161932459,39.9527709567559,4.6678859288653,4.12363186686562,"Master","Noisy"
"S0620",76.9457411218982,"C",1,81.1542829711012,77.8698115762442,81.5010046562825,79.1322958551814,3.10437605300617,76.8331425054503,71.2685166784703,6.410630078194,5.257422247,86.4959462006039,5.272752392,5.13933107253982,"Bachelor","Noisy"
"S0621",57.1169452334305,"D",1,50.1486560646008,44.9141011511911,46.5399682979145,52.6058033282018,3.75107682546294,67.1583359047159,85.6660710594721,7.60568717670993,4.04597695696663,46.8071656137594,6.83856722859625,2.04836867021657,"Master","Quiet"
"S0622",64.2705954191867,"D",1,51.5142127835191,54.19747655,52.3983171442161,54.36301457,2.09389806149992,71.592710331776,72.0080245847045,6.87425186329801,5.26586489323361,75.9194340670564,9.81168289207558,1,"Master","Quiet"
"S0623",82.2126091337958,"B",1,60.375965653526,66.30448643,57.6425652305897,61.3533743112925,3.94589269847629,70.0727300463357,84.8690464617092,6.94938455977236,2.322985559,77.6192940894395,8.63085865761997,1.18270492655847,"Master","Quiet"
"S0624",69.7386742520742,"C",1,66.6487641855062,70.24353074,65.29048863,66.1545381793096,1.20662942845856,79.71725793245,70.7221424434221,8.02567505072676,3.59750927382491,108.858302600249,9.389375159,1,"Bachelor","Moderate"
"S0625",79.4036933687394,"C",1,74.0040124341663,78.9842508631954,82.371272885659,76.18388938,1.19717797105767,82.4170059096675,58.794730309433,7.18769244803443,3.252682695,71.6244846611194,6.00228909085476,4.38635815517855,"High School","Noisy"
"S0626",71.0431296773473,"C",1,60.2902501763375,56.5062747334902,66.9925554352892,47.6290197502391,2.54515082058218,64.7632191511585,75.24504477,7.26497039875924,1.05822449751548,55.1498180012305,9.95223084267157,1,"High School","Noisy"
"S0627",56.6128305330075,"D",1,65.4394093873231,58.3303560536139,58.9415032026851,68.8497568376363,2.41389276824288,69.35075417,76.9190381666403,7.6912383109041,3.7840607157037,50.7869713394428,4.61699689638494,4.29436826055602,"Master","Quiet"
"S0628",75.0166195345354,"C",1,81.1109015973566,88.617569857134,85.2595636867525,81.7417911156665,2.26253286146861,85.3431366150771,69.6689046706766,7.74660230637996,4.30762162073087,108.68266890159,4.3178374362766,8.48353555335837,"Master","Quiet"
"S0629",54.6877726202708,"D",1,42.0175761589829,40.4041769647722,46.0745589314408,40.9052016750916,2.964079051,47.4457252604392,70.4079252677343,6.79561576151162,3.959572022,45.3909768976406,9.13361576232417,1,"High School","Noisy"
"S0630",68.7240536005785,"C",1,53.8840319389211,52.6298668566459,48.1427154951581,64.1183429175189,2.28293432924628,66.1947375036356,70.6860706578802,6.343755022,4.68139949391711,68.3281704794829,9.56358922124192,1,"High School","Moderate"
"S0631",74.4077240539563,"C",1,79.2342272236504,85.8751979328957,83.3281154424247,75.8595571296976,1.76903167387237,72.4629576037018,72.8375195183589,6.75680322859355,3.85669764226539,46.8455803434252,4.543512145,4.614389165002,"High School","Quiet"
"S0632",81.9073177212302,"B",1,89.236376072796,92.0175261197993,96.9260356648587,87.2209961274708,2.2378781963544,82.2354190292304,70.6943063296184,7.95724048148271,1.33375127425378,99.5973636102938,4.68056456047505,4.05215875115222,"Bachelor","Quiet"
"S0633",79.4598726990027,"C",1,68.1422593163616,70.4216981767697,62.5295352851396,78.1000258273853,4.89961709124094,72.57702921,94.76399941,8.164260041,1.58222762042356,72.6935376,4.19904494653464,6.62710066950587,"Bachelor","Noisy"
"S0634",63.9241479294014,"D",1,69.2662416895924,80.0912534140978,64.678727584521,65.1059351653431,2.64445366797939,72.8418989552586,81.0728977273075,7.09053179911586,3.98237288771976,61.6029321501131,4.62704537585634,5.69460728373524,"Master","Noisy"
"S0635",39.1362585864023,"F",0,45.8944606236877,42.676869471787,50.9827679579052,43.143884209005,2.77885110743334,60.1859240512808,76.1346365942182,7.33839281627542,2.3748959598682,62.498967656382,5.25651890080169,5.14219390098866,"Bachelor","Quiet"
"S0636",82.7341180653344,"B",1,64.60768018,69.2468808156962,65.9651567294182,63.8725530581358,3.30617996,66.8181218395009,80.5109955297945,8.32953819160007,1.39822564517383,106.699278605068,9.82045971346001,1,"Master","Quiet"
"S0637",87.3612107338922,"B",1,69.2939496550263,69.57901528,72.0513310312239,73.497622065674,4.93336307365691,86.1065311616066,100.080911184886,6.89917764830142,3.14801371724273,79.8396558864994,8.00716133343808,1.713488419505,"High School","Moderate"
"S0638",69.6582617703667,"C",1,53.3358776999101,54.6788390942264,55.0388237819126,54.37489024,1.96640510574305,76.0052488707618,73.5178021055245,7.38397577205797,3.77161299041828,94.6081066018137,8.67131815311125,1,"High School","Moderate"
"S0639",67.1583288667264,"C",1,54.8083777022159,62.4507198342786,56.7618573068567,48.3452509664546,3.72512844212974,61.5938597498266,99.1598520799601,7.06284961829995,2.64372994174803,110.733466462562,8.65683642214913,1.2619703937154,"Master","Moderate"
"S0640",67.8717296080768,"C",1,60.7506289707542,63.2898077522024,54.1182683291988,58.0897861551183,3.8639387741669,78.285898241895,92.7755682799561,6.834860926,4.60216851112889,111.156750843658,7.21044249867529,3.62489093668955,"High School","Moderate"
"S0641",56.8349291387519,"D",1,41.103915877775,43.7953962730231,46.3405044108822,38.0671437117139,3.42929766717226,58.5546304865232,90.0921765036644,6.67756280545291,4.21885304050622,59.5658148904077,8.7849338662781,1.55114154622724,"Master","Quiet"
"S0642",65.9196992911275,"C",1,57.7143541070748,63.0768907936238,63.5623040692137,57.3282488809596,1.35431335854658,69.503114420196,61.0133025905265,7.17284636703609,2.66409180545836,115.720613683175,7.57484519433982,2.92526763528105,"Master","Quiet"
"S0643",60.7199777335791,"D",1,51.62964038481,49.8048767370955,50.4826866644698,53.75885868,3.70748910331031,65.49845039,81.9455505032557,6.37899794790605,4.7743626445428,32.2388293813145,5.88727658562015,4.61228232262906,"Master","Quiet"
"S0644",57.3219247602486,"D",1,58.0123543697853,53.8163060330903,57.794969620716,60.1033831492252,1.2563788441447,65.7074339786228,62.8754451895426,7.39938445179079,4.24347521266518,63.9152004914549,7.3666606526104,3.51778178477133,"Bachelor","Moderate"
"S0645",55.9279196324448,"D",1,46.5869172500588,41.3628712799537,38.9313797372802,37.7068584798168,3.38457059819959,68.2127203430601,84.3815555582939,6.37736891286888,4.18722689358951,110.621897175796,7.201051517,3.08709852473317,"Master","Quiet"
"S0646",88.6588068029904,"B",1,88.9790004406942,79.1472174938142,91.55027422,94.29870538,3.95832470888697,85.11893287,84.1906833820467,6.49974232254504,3.767138504,54.7173191835285,8.94071832255592,1.418129750123,"Master","Noisy"
"S0647",84.3781118848755,"B",1,72.6475849454727,82.9286205951743,75.50787215,73.9104291754558,1.8438795624798,73.9410353566401,67.562322975278,8.74341228078972,1.05694834044276,54.5773305289187,9.89036330428995,1.2984429369032,"Master","Moderate"
"S0648",85.792721261366,"B",1,77.3506275529469,71.83458572,77.0396724679504,84.2732877909164,4.3664880301711,72.15236656,95.6614683103066,7.14416300711183,4.48253591738445,57.23600565737,6.46625539252558,2.86869868947131,"Bachelor","Noisy"
"S0649",93.5813440346381,"A",1,83.4044181234036,82.2981500054748,89.0261849227561,85.625409759857,1.12141522213202,77.23423399,63.0161191964106,5.94338046398975,2.88020895554578,85.108204636223,8.58034407064816,1,"High School","Moderate"
"S0650",72.6173315603578,"C",1,67.4143209410982,66.0302544416536,65.7439347861985,72.920935729777,4.37525145463322,65.5002598925386,96.27395381,6.00345606515681,5.71304855079328,69.4499498052919,4.5985780242288,4.21550037658434,"Bachelor","Quiet"
"S0651",61.8493941237479,"D",1,44.78061584,46.3176493338538,47.6036454742763,47.1133424020589,2.84131620257106,62.45142566,79.8679856763978,5.56702817460317,5.08992385538603,95.4061352718008,8.660988217,1.52192634693053,"Master","Moderate"
"S0652",71.6208837802101,"C",1,69.5408598000201,73.6195458627166,64.4425381065596,76.2719885810339,1.87035175972658,68.78710194,66.1684743009155,6.3431129489954,3.93847234765656,110.54195783082,6.22850147195939,1.91776628682148,"Bachelor","Noisy"
"S0653",61.1583238397055,"D",1,72.2762614911483,76.5786289329471,72.1585007367772,74.8875146712372,1.53511257997587,74.8103281829815,62.78162267,5.75246969415408,2.26090990909635,90.6779437448575,4.236340977,6.22581311872156,"High School","Moderate"
"S0654",92.9802483298349,"A",1,80.9991710801382,78.0837838872935,80.127399790624,80.5095948479236,4.81322867,87.3500948081209,92.1375297133255,7.32592912123653,2.01858696638833,48.4020048177818,6.17947707137306,3.71132983412638,"High School","Noisy"
"S0655",65.729132603758,"C",1,63.7412750426324,62.9056664737003,64.8678146528371,75.1034486448668,1.29066235032463,77.8671353859241,71.8304986991717,6.61845183390302,2.70192418838775,113.941371212445,7.66385650552987,3.47078319429119,"Master","Quiet"
"S0656",46.78194136,"F",0,47.016916653756,48.42981641,45.1692820095892,51.4621022651555,1.7963736797437,63.3470738563649,68.0309886205335,7.01510071302819,3.38283971790009,53.8043586012731,4.7155010060888,4.612581683,"High School","Noisy"
"S0657",66.01750779,"C",1,55.6076748189298,54.3642191880121,54.9503118405715,58.4763969239519,2.39128938973218,67.3684137787492,72.7886286183476,6.44334110550032,2.48032755019474,43.4904865795342,9.54420695458153,1,"Bachelor","Quiet"
"S0658",61.6965523678439,"D",1,59.9695263019249,68.0062541820249,64.0997621591325,53.5880042192332,3.48093939584448,79.3841358980675,80.1654335511825,6.9690616834973,3.57464747696241,38.0970550974865,4.46603447963703,6.65616885365634,"Bachelor","Noisy"
"S0659",83.1356647570025,"B",1,75.5254482732381,77.9803230314293,73.341627087047,69.0839101859204,3.17920434110439,80.3665047384126,96.4703329226828,7.24448622267006,1.82685212756593,80.70453666,9.580040318999,1.80309532777916,"High School","Quiet"
"S0660",71.1803860559334,"C",1,71.3928067567902,75.0671956870392,63.3599212530968,72.8563841674994,1.50257396964926,74.0573710790125,59.6590995353781,6.98440726335605,5.8885640641275,40.2386216232587,8.24282510761412,1.07702252663406,"Master","Noisy"
"S0661",61.7585669093227,"D",1,59.5853199243815,62.8997262677186,68.3332394454087,60.3129259132227,2.15891193495286,62.6625693765885,69.4448797214982,8.24379159842532,1.53962277482497,42.4898295701368,5.97827305248522,4.20350818010194,"Master","Quiet"
"S0662",86.0134976905219,"B",1,94.2583386836139,100.125707971041,101.165609077066,91.18772586,1.9550070843441,89.0985354326307,71.6292550248713,6.69475659202358,5.659720698,57.00274325,6.34450208625456,3.94991689142949,"Bachelor","Quiet"
"S0663",76.2597126340813,"C",1,73.31761506,74.2227228581473,66.8563015891007,74.02252856,1.85417141796137,80.8054263952287,71.542779008335,6.16632609256535,5.56789005701347,55.3487708716017,8.44485618839646,1.92879721722468,"High School","Quiet"
"S0664",61.47604547,"D",1,53.04747355,46.5633138057005,56.4960125717057,60.9906081856977,2.64457734591995,63.3654791501716,81.2354337352779,7.904649475,3.626802409,84.3815559298928,7.60882660528724,2.12859773539713,"Bachelor","Noisy"
"S0665",57.789167321676,"D",1,45.5980359941222,47.5964757528854,43.0831621413655,49.07504837,3.81612581036663,64.2550317727513,97.19930064,5.83611695332596,4.62455135918042,103.507075152541,8.02985752872967,3.25152586939396,"Bachelor","Noisy"
"S0666",49.5157663896908,"F",0,48.4072526551383,45.1504681861791,49.7246887317936,42.7022101063746,1.86981172886894,62.385759852994,71.22890557,6.34414823825929,3.18024148986294,98.5214690582603,6.334987699,1.77530881729757,"Bachelor","Quiet"
"S0667",58.7213007461375,"D",1,53.5276750611479,50.8845916523992,54.9987957062154,52.9701309254332,2.46671551881193,65.8436755345789,69.3870011882859,6.713056584,4.15017288771219,53.6236009244829,6.92688089084559,2.65198887435332,"Master","Moderate"
"S0668",57.261179985145,"D",1,48.8374755292756,51.769295623051,47.665436527694,44.8126431250128,2.56366970736465,51.9796274768261,74.3519714480376,8.31615514832888,2.70287968710559,52.0779448187382,9.939204904,1,"High School","Quiet"
"S0669",57.6961524752999,"D",1,50.2611863228218,56.45260167999,46.3423579948898,48.322686740779,4.90582611774164,64.0216861428302,100.597423039986,7.14709201688679,2.50579509892723,116.921237709627,5.28353722299831,5.17368758895104,"High School","Moderate"
"S0670",63.2140702016076,"D",1,55.6802342781616,55.78659216,52.2275290165803,53.6121559500134,4.81866542751628,72.6869636511211,108.527784482692,6.74103269914109,3.89114893084757,30.7412617432764,6.50713711913279,4.84562191148197,"Master","Quiet"
"S0671",57.8510844443718,"D",1,49.5355477412115,51.0797128042063,44.9545881638053,47.1473198281915,4.2005503310083,61.610761092773,85.0164759179615,6.23185031066813,3.4906483709199,109.174847975419,5.7509391254438,5.44728626775748,"Bachelor","Noisy"
"S0672",95.0223843381738,"A",1,89.3220983544534,97.8331730776296,85.1629873133011,83.04642149,1.96663568327674,84.9236810183033,75.6792393588935,7.30366023891022,3.89768184574991,47.9755667210164,8.590669063,1.12378931205368,"Bachelor","Moderate"
"S0673",52.2355789350373,"D",1,44.4128560113903,45.6166219088332,44.0769645611435,43.7745826037994,1.27214925636668,58.4266744722356,63.6210644113989,7.74659725523414,2.43330290643511,115.255589078079,8.58407575399432,2.71579548953628,"Master","Noisy"
"S0674",74.9402242115411,"C",1,68.84812643,81.856541997266,65.2693264808102,66.0450882421274,2.2676165508825,76.2262715946459,76.86531818,7.54410085297446,2.83478915908498,60.8076556344768,5.75467276598438,3.53128549023817,"High School","Moderate"
"S0675",57.8895823888718,"D",1,62.5718254844314,65.3993737125891,65.9820858129945,47.92458203442,2.06717819773532,70.2032967545348,70.1618083941736,7.25954272263295,1.41948980314455,69.63165965,4.4883418997979,6.442545483,"Master","Moderate"
"S0676",83.88737978,"B",1,94.0308239299734,85.2270101341943,101.467054706653,104.295684052482,3.02370320058558,82.3192042615766,76.0248688552241,7.26823205740519,1.26138186136103,93.6408552549943,4.06859606003322,7.74192641838777,"High School","Moderate"
"S0677",68.2938050941814,"C",1,46.1621396192429,49.9288477247655,43.2618734123927,51.6059878903262,4.11091164027117,69.7438271479471,94.8634802997184,6.67325318028799,2.26728564836508,82.8902146325934,6.56470319945491,4.65024090740006,"High School","Moderate"
"S0678",77.9271934599557,"C",1,61.8820579475158,63.7878498719297,63.0790804501927,60.0005543228908,4.43329175551543,75.585689041419,97.6050726906824,7.63056596188465,1.37123429665273,58.6145396736141,6.46202556601463,3.6437448175095,"High School","Noisy"
"S0679",100,"A",1,93.3208738301453,99.769637600559,95.81929938166,93.4149690788483,4.37945634164203,83.6359030954318,98.654848245119,7.00413427240864,1.5188735431737,79.8447824281041,9.93033927183918,1,"Bachelor","Moderate"
"S0680",84.89541652,"B",1,87.6028919241689,90.96879868,89.9629032787653,81.74462019,2.43870224489227,86.2903875091733,74.3204992720295,5.891899139,5.06464202696969,95.7636195926598,6.81881245418608,1.65259624955464,"Bachelor","Quiet"
"S0681",85.6608936046559,"B",1,84.9389639022104,84.2466839822915,85.3187402417908,93.4175782912647,3.74893737384273,85.15654197,84.4902636218281,7.42984409601963,1.19436848508345,33.8101451312243,5.53851021745252,4.77202942046168,"Master","Quiet"
"S0682",65.7183304160352,"C",1,54.1846554874717,48.0631643060249,57.89806758,63.6710989613372,2.25133679,70.3038339187917,64.7194329258496,6.46700772150578,4.29471396967371,31.0079374730134,9.3473766461888,1,"Master","Moderate"
"S0683",49.98007749,"F",0,49.3988173064536,48.3537010200235,51.8100620698569,50.1822859476862,1.24362217294073,56.2281291732514,66.5330880701043,7.02217411236592,2.362788744077,71.2260245165602,6.94640769792147,2.26045763846459,"Bachelor","Noisy"
"S0684",71.1115765846174,"C",1,76.7753770958437,72.5227748247972,70.5870649842072,81.8930303167704,3.80626106241177,83.420721253085,90.1820580363376,6.62590377735794,5.35772840354063,41.8652956023163,7.59505381126347,1.21420038799986,"Master","Noisy"
"S0685",78.517355672529,"C",1,91.1156794020172,88.2130621529936,95.4614597239636,91.9921132966868,1.03931021027915,82.70934488638,55.5641889384717,7.01203547420889,3.4249614228875,89.7909862318243,4.57401226256928,4.96559540477407,"Bachelor","Moderate"
"S0686",76.5753372940728,"C",1,70.6219591157661,73.56485114,75.0584133020999,63.9383319213865,2.63673034983395,73.5218398906767,73.6744351318564,7.0975572957527,2.52788229663913,49.2647210604691,6.29749844397864,3.67453214153437,"Bachelor","Noisy"
"S0687",79.9728389130113,"C",1,71.4386979208445,79.7882204426015,67.6222673999516,69.37958108,2.3175170772083,88.9087577217232,70.8413767123258,7.015048061,3.58819467844717,68.9565996116104,9.665342047,1,"High School","Noisy"
"S0688",65.0052811168301,"C",1,55.3988501513156,57.3722078004305,55.5885393285536,56.0584899851754,3.77351015407541,69.2087919792629,80.32017938,6.63129945087978,2.90979009522634,47.7903843186842,7.53703230505255,1.86246105953348,"High School","Noisy"
"S0689",79.6616955937537,"C",1,82.3221113255565,76.3426960153806,85.7387562896119,80.0493727318393,4.06498189104152,79.2294432855424,86.5614069273895,6.90618771495009,3.82150532334915,79.36352272,6.067011131,5.00227257554041,"Bachelor","Moderate"
"S0690",47.5635114192592,"F",0,50.2874061706638,52.5104195117645,49.240837072767,49.1941397834886,2.21637854388514,54.1172312215524,66.4946336548196,7.60350194393279,1.57266434163174,40.44481134,7.75400308378956,2.03779165822048,"High School","Quiet"
"S0691",74.8865920107983,"C",1,57.8023580022334,63.7855154354617,63.1672482410635,57.3453602146878,4.24650805777941,75.8499996708485,90.4026855183545,5.45299081610243,5.98495251406276,32.0796167508732,9.4624665374687,1,"Bachelor","Quiet"
"S0692",56.5901693168658,"D",1,63.3990041239029,60.350089602306,75.2183665969997,62.9946116345756,2.17566704201974,64.9734537079084,68.0631829285495,7.55951306064011,3.12777938848359,34.6018474296027,5.643943603,4.5823486644079,"High School","Quiet"
"S0693",64.006881345874,"D",1,67.918570827645,67.2484849942804,63.9886406644701,68.1798632801324,2.78530543994624,68.9420909,69.7180298,6.73693718782545,2.74115319853684,115.883259736378,7.03070031082405,4.93285252271977,"Master","Quiet"
"S0694",63.5127544985066,"D",1,53.3325352828294,53.40597626,46.4273122670605,48.02950995,3.90807410805654,65.0095061459755,99.1936922334128,6.67984012712882,4.55104924158132,42.8057596749842,9.75214392347053,1,"Master","Quiet"
"S0695",48.2947070840142,"F",0,46.31602536,42.391533795245,47.8351183386806,42.7309446150165,3.77168091689915,70.2400716388296,93.97951282,7.73635676052464,2.81949703247666,93.7630427823152,5.03437685979072,4.60276751283568,"Bachelor","Noisy"
"S0696",82.2236796714602,"B",1,73.58410233,76.8255045,77.1919148599205,67.16118100579,4.949473889,80.6582511,95.5996417848881,6.9129269213138,5.16637152514379,36.1133583800544,8.317983554,1,"Bachelor","Noisy"
"S0697",64.357939039645,"D",1,55.8746804282141,55.2699396851752,54.7203485589902,60.7637581766451,1.90064409686373,67.1481526649057,70.3685479519053,7.035760608,3.27135362180213,39.7344317011664,7.68688604921789,2.09370162981004,"High School","Noisy"
"S0698",77.6714660107143,"C",1,71.9681021782437,74.0657644,79.2344054948488,61.439867469042,3.64927165415833,77.5255114073159,88.5800419906898,6.43941287866081,4.59779206632717,75.7988626268401,8.07805078684381,2.15687733824431,"High School","Moderate"
"S0699",51.8943077840104,"D",1,48.4899493400811,44.0524884510706,41.7969203414649,54.2579010566658,3.43872763310311,61.243046205685,90.3427056048985,8.01257612962495,1.53726608220943,71.8383837138909,6.10731778400542,3.50510132473901,"Bachelor","Noisy"
"S0700",79.17756286,"C",1,66.462705602015,64.2754141003979,69.927298717173,73.3944525883292,4.660393818,73.9296212488342,92.5109130463008,6.76816871057164,5.23059592777556,115.642227849588,5.883276241,2.45133912085641,"Master","Quiet"
"S0701",72.4183096513645,"C",1,69.2924187903372,72.9043255794761,66.2631146865427,67.7815158554241,1.6254485665795,75.01289312,71.7150195857071,6.28724051,4.67858993389055,115.035190771866,8.10525802353022,1.04417658696634,"Master","Noisy"
"S0702",39.749455217941,"F",0,42.8502945252335,40.9861287647746,51.44718405627,29.834609086097,4.00719265434773,66.26899674,87.3324000224426,6.98497800880621,2.05858389230983,100.164777828822,5.29325971062727,6.16127875026049,"Bachelor","Quiet"
"S0703",72.1777940729614,"C",1,58.5132353006656,67.1480545568326,68.4758120665062,56.7066824908292,3.27307446507507,74.0925082625276,76.0514326299077,6.44589339453332,1.72643004872893,84.1891647114615,6.51792846915403,4.916072535,"Master","Noisy"
"S0704",50.3424535443438,"D",1,47.3928072316436,45.3946263035706,43.5595242927268,47.0718864251995,2.09866347915162,66.16629052685,74.60731759,7.30257739775336,2.58146174362812,70.94642857,5.12904787631751,3.98431295447789,"Bachelor","Quiet"
"S0705",47.5639688953165,"F",0,43.4856233760022,44.6090470047617,40.7378376964593,38.4326322763577,2.8977396565887,59.9310739,85.43118869,6.19454524844294,5.88035293015952,62.05606809,4.04982904673998,6.62292774045944,"High School","Noisy"
"S0706",97.8125372355767,"A",1,94.44781278,99.1107669408125,98.74575222,91.8717208124058,2.33510638827919,90.9330178626741,86.2906087504453,7.88284832547068,2.28415787283529,115.2378792,9.82034416022842,1,"Master","Quiet"
"S0707",69.3217611807203,"C",1,57.7294614736098,50.63763281,55.7938082246622,65.3804374679265,3.31725361115384,68.4048884057896,77.1739097860874,7.19533673332023,3.28063604473317,84.26179303,6.59021787193851,4.81409841005644,"Master","Quiet"
"S0708",94.6431743589207,"A",1,84.54309452,75.739050462101,84.3160384323437,87.86773033,4.55600244325866,76.8619754174368,99.0546228579906,8.322084259,1.15010112858668,82.11652749,9.81609768651895,1,"High School","Moderate"
"S0709",40.863183361909,"F",0,54.005236012007,46.3769544391565,54.1321781147191,49.3824154401165,3.27721993764881,64.9861790464488,80.7231931575204,6.75547659169256,2.98613764783116,50.8711009592023,4.84194111860696,6.10770038000958,"High School","Noisy"
"S0710",78.8231320527934,"C",1,77.4826497223161,83.795570239452,67.8842839413278,69.494653874339,3.52688967330634,79.1639597800797,89.1856902856835,7.41209514233416,3.85660007716551,34.2028036096602,7.52420067674492,1,"Master","Quiet"
"S0711",77.8669228049034,"C",1,81.8125322939328,79.0532415644705,81.7433435634616,80.1774457058839,3.07499138845884,85.45734507,73.3974661284321,6.00585489168572,5.76562306253983,115.0669722,5.20584419674744,5.471792905,"Master","Noisy"
"S0712",74.86066435,"C",1,72.7601307334314,85.55112716,69.3114918631106,71.6928468366793,1.2046620257819,75.4624245059299,55.7327713793262,7.31369396348604,3.58368022470032,58.2361732960188,8.740444762,1.25188117453585,"Bachelor","Quiet"
"S0713",66.8332264389452,"C",1,65.93669037,63.1154523769718,63.4710762582598,68.4176863070753,1.93143422750438,66.9223516289313,65.4349681592114,5.74195981446812,5.09553663088844,69.8330120992013,8.70221793256585,2.14971113822499,"Bachelor","Moderate"
"S0714",56.9905251693349,"D",1,62.6512502780998,63.574006794085,69.8694102954438,59.9746667152615,2.96800691772833,71.60933356,80.0748894056237,6.99687618582974,3.7356382128445,40.3175949227136,4.67564289423587,6.23922490386198,"Master","Moderate"
"S0715",70.3923089,"C",1,59.1877546598647,66.8983044227041,52.9052201884685,61.745252536674,2.24094113497882,70.1611575302151,69.20400502,6.64647850912377,1.20392506717759,105.323189691836,9.47238671725833,1,"Bachelor","Moderate"
"S0716",85.6142789,"B",1,91.1241029336304,101.154567374426,95.1901288673703,100.799873133932,1.72705439104478,86.491239611329,70.5658156300149,7.09391884424446,2.575041376,32.4868649570338,5.16777788321935,4.23139247768474,"High School","Moderate"
"S0717",88.9580622165354,"B",1,85.6840674283251,95.99158531,84.2892527766661,89.7615725405464,3.01653136767375,87.44139129,85.29978677,7.0568527351923,3.87774753915552,105.059168588919,7.67786404953616,3.10183213264333,"Bachelor","Quiet"
"S0718",97.678851035429,"A",1,93.07648009,99.11831124,91.677679244179,92.8360375500043,2.2912391737914,91.6328562437786,75.91027944,6.01362477548777,5.75296982965562,42.625651150917,9.91380172052622,1,"Bachelor","Noisy"
"S0719",60.0372825102318,"D",1,46.836347291705,51.9566599207623,50.7882067719635,45.9205949364385,2.03243057269366,60.4471192839441,78.4182439252409,5.88608564599517,5.29565179875617,109.790770136804,9.29437920859818,1,"Master","Moderate"
"S0720",86.6781791733641,"B",1,80.1977111362004,83.1603458822064,81.89796761,78.4143454653011,2.85594166976152,77.01813828,80.638549844892,7.7805258133797,2.14177807089424,95.6795373602542,9.73938357136701,1,"Bachelor","Moderate"
"S0721",80.4473269867884,"B",1,91.6087251251571,95.5005305059903,94.4617901112547,97.51192969,1.53313703232869,80.6033690078012,59.24688677,7.31810386004779,2.10054915009582,44.8203236256575,6.05559262730872,2.4672429563789,"Master","Moderate"
"S0722",67.8550549188582,"C",1,49.9678186391113,47.2118900574686,54.8087419417756,46.8312514093548,4.71098293230163,68.477987670958,103.926711890708,7.15345522581381,2.0058648355695,80.9236193573521,4.633453853,4.85625498712016,"Master","Noisy"
"S0723",61.1409258476411,"D",1,43.6572947051728,39.5663002880612,42.0007527892561,43.8834082501727,4.47080839167696,69.072747894275,91.6823027387396,6.33719961612338,5.61249448151252,58.1390682919697,5.13008124,5.97261080633768,"Master","Quiet"
"S0724",91.4465818804927,"A",1,80.7616357109532,80.7447634238985,77.70045204,81.0176252203587,3.83048234296214,78.80540822,92.8569159280493,7.73933534132021,5.2633307655086,46.0409789020425,7.00296937045968,3.17486042924575,"High School","Quiet"
"S0725",75.237793047474,"C",1,71.5960212248952,70.7450981122705,66.1702685921062,69.0871002608375,1.42485531035382,74.59085779,72.1172241863138,7.11442627651135,4.87441716126474,107.326397947,8.75937806963993,1,"Bachelor","Quiet"
"S0726",74.41136151,"C",1,86.300582721705,84.0344424750686,82.1735300718102,79.4382549822844,4.10350901787877,90.4842041453474,93.3185302324397,7.69218416275758,2.96367557112114,66.3170489856506,4.90092186510325,5.90393407307683,"Bachelor","Quiet"
"S0727",58.4019949700834,"D",1,47.6874807144459,51.16941795,62.4329528409896,49.3023532325343,4.23182931243608,66.37152962,84.8374990585375,7.16120210304803,3.52190352149383,65.8689342928844,7.95838919356454,1.20913418471207,"Bachelor","Noisy"
"S0728",83.914796856774,"B",1,83.739702152294,88.5162281951465,89.9631000559779,83.434682293017,4.071058471,84.0510296001522,86.1195238760245,7.08674501909584,3.32165872397576,45.28980073,5.94146562423707,4.15388465009571,"Master","Noisy"
"S0729",51.8140903094482,"D",1,51.0895026026259,51.5315370340852,44.3341307715858,53.5907049498088,1.45586354847696,59.5901687714443,71.1723578191953,6.12186169449573,2.26699053779686,64.4759108477201,6.04721243435292,3.77315719292156,"High School","Noisy"
"S0730",61.5972926287623,"D",1,49.0010768576137,56.3887272628901,42.38878707,46.3330753254179,3.57563182827106,67.894178775204,84.9107048544965,6.60296775754528,3.52514023074383,108.445516169597,7.97150638094756,2.80762424464079,"Master","Moderate"
"S0731",66.1148093207511,"C",1,49.0346188862046,43.3261733155371,51.4439491947971,55.1387253802699,4.33729918299759,59.8716277405535,93.7708595046868,7.41396797161963,1.15248273926377,62.6815839440672,6.80199651719932,1.62077511188118,"Bachelor","Noisy"
"S0732",84.6772566295573,"B",1,84.801609612726,83.8333123163274,87.5379335996159,80.41774071,3.30941360487867,76.7307038766882,86.8882581296048,6.56483840773005,1.6590518674873,115.644320624981,8.87219975815596,1,"Master","Quiet"
"S0733",85.4062757732555,"B",1,76.58584714,73.001735535277,79.3302663148778,85.1460485583805,3.58562950091236,76.5590656853119,89.3379093195252,5.79140771063886,5.43294798084473,115.167800928755,4.93551105797696,3.4262432829285,"Master","Noisy"
"S0734",80.8769520191223,"B",1,68.7685983623016,59.4359152769363,67.4938193945331,60.0304158131603,2.83345391770522,71.4553355639073,79.7285382389796,5.58206211399155,4.75839883515712,43.0408793376611,8.73968961860223,1.0007136595885,"Bachelor","Moderate"
"S0735",51.78059638,"D",1,59.7356766267926,59.3222731975791,59.1084053267781,61.9095269495771,3.11482927953621,68.7598398414711,80.1049509392598,7.04653546856268,3.11434204529544,45.958012817038,4.38541148834453,6.82601601528791,"Master","Quiet"
"S0736",66.700205341072,"C",1,88.246029744721,87.6372922028045,89.8854273655177,90.6231831573541,1.1375074334069,76.9181066997359,59.8117321054072,7.33365744199859,3.58575181141939,107.64066632987,5.164323281,4.33022950887284,"Master","Noisy"
"S0737",74.1978428294651,"C",1,61.5844809082449,69.15172962,62.01394594,57.6066955685405,3.55585208789314,75.5863219864608,89.8480150053881,7.6983889303722,2.84999442979989,65.3484827032247,7.93689828701899,1.55241777478536,"High School","Quiet"
"S0738",88.0441680222995,"B",1,84.9129691709367,88.0670275937106,73.8164673071991,87.0349388602418,1.32578885156464,88.0949160580505,66.0257361709853,6.79622243029861,4.70389933580336,30.3936584054708,9.12955393906643,1.74217048511771,"Master","Quiet"
"S0739",60.9057981283991,"D",1,64.152419971362,59.031485849716,63.003421818486,70.55001332,2.74005837736089,62.3394976149769,76.11408377052,6.0420210605526,4.9209358961604,54.6484637734834,5.51607776643609,5.55247179201921,"High School","Noisy"
"S0740",63.3256771413556,"D",1,60.7319436183699,70.0024064500409,56.4749114470684,49.6478494215996,2.17062039066963,75.2582608375177,77.116765471662,5.58903963543528,4.8164259510158,83.78660939,5.96314963497348,3.94827929775773,"Bachelor","Noisy"
"S0741",69.2857401890819,"C",1,65.4473882118284,71.5525566894551,66.3234453063709,67.9611122492824,3.18171180084685,68.671050956806,81.1719474328196,5.73764806304757,4.61305862417225,101.933936936397,7.22272449,3.46199036432945,"High School","Moderate"
"S0742",58.6675812459221,"D",1,56.5757830790278,59.4862715963709,71.5020780920449,44.1094289773774,1.53366534209283,72.5727692244278,61.0783425492563,6.75875220333356,2.02252169346398,42.0049755383934,5.26943683893581,3.65360862018624,"Master","Noisy"
"S0743",92.3917941404038,"A",1,81.1185159096938,79.9860954154447,82.9559242370653,76.2901918920778,3.76657360789327,80.2170254915148,83.87088258,6.74861518212144,2.68984989620239,39.9487227975062,8.86693756952503,2.511036764,"Bachelor","Noisy"
"S0744",79.212680992848,"C",1,67.6496214550864,62.852425271469,66.0819730242244,75.7954532795911,4.18004614771388,73.9686885479482,86.90675729559,6.91535759852869,3.34922717491837,112.98833882151,8.64181987003457,3.50688642390249,"Master","Noisy"
"S0745",53.3366774697718,"D",1,52.771698233075,50.9106643527197,57.3807057429612,49.8627880661147,1.65341779897263,65.4603608694314,65.1721279067078,6.69672840379503,2.65396495713828,97.6033531040324,4.87175027179469,5.64946551939404,"Master","Quiet"
"S0746",77.2981035672702,"C",1,89.4766015301013,94.9203446286222,91.8900409661473,83.60720171,1.41725234940753,90.7989467862181,70.3411448857563,6.73707764659664,4.77470100079164,83.0801640700271,6.78297839089979,1.13268998775741,"High School","Moderate"
"S0747",78.2922296175223,"C",1,61.1140171755266,70.5369487051997,63.2144896277858,60.1243285306032,1.58206193114944,64.3590685251382,61.7951434063418,7.08983296222533,2.64676762124977,99.2268110996335,8.64896659992773,1,"Master","Quiet"
"S0748",72.086566089438,"C",1,69.8954073612694,77.6116250026303,72.9296603273477,80.2349390520871,4.50851024759401,77.9869053743097,96.0274812810306,7.49792472569251,1.69116043392669,68.5968925175975,6.02397718662049,4.58884813504883,"High School","Noisy"
"S0749",92.664921705545,"A",1,89.8559661030501,87.4117189941187,100.138683927198,80.6975548670199,3.11275704702542,90.4346338759728,77.8441237421172,7.67156459826315,2.99520226024152,98.26101726,7.79864093630639,1.77987606652725,"Bachelor","Moderate"
"S0750",64.1821520151796,"D",1,74.3330897752696,68.7350026088245,68.6786476,69.0765402170728,2.86904398403001,80.7482452903368,77.3888946339429,5.64001248372624,5.8995721639119,63.4622692147082,4.30127872874544,6.97091982550466,"Bachelor","Noisy"
"S0751",52.8288798849125,"D",1,46.42939223896,47.133823473516,48.7975526230173,53.9165506548582,1.42684727640942,74.83819069,56.7182667041679,7.57053016974582,2.12940706466788,51.9685115243342,7.65213256317591,2.93602470125996,"Master","Quiet"
"S0752",89.6833101192227,"B",1,91.6907667987411,82.8485699709269,87.0588611488334,100.97927851643,3.59822402702785,83.2006495857471,84.87954912,6.774775397,4.06079329471615,95.6112079163672,4.91591788000364,4.37760661923056,"High School","Quiet"
"S0753",85.4035573442874,"B",1,74.523942918928,76.13978149,77.3015061506392,74.0067867974766,4.471998368,82.0484955724316,93.75145678,6.88379728475559,3.16486524919853,67.7705062941541,8.98349995068671,1.04876486008454,"Master","Noisy"
"S0754",66.4709222319562,"C",1,58.4198088061397,57.68179587,53.8263762487093,52.2245452935065,4.31274347729381,68.6794512263628,95.8288744931166,8.036091309,1.35512283824663,118.323939389358,6.13269678148287,2.97346999787804,"Master","Moderate"
"S0755",50.7032942694812,"D",1,47.659964,45.3297814871451,45.5731299284609,58.1391815055321,3.50421883592321,69.99701238,86.1585929255089,7.40769216828141,3.4393830299903,61.4536664077291,5.68932317636917,4.12809194521838,"Master","Quiet"
"S0756",85.88331434,"B",1,83.6713854098663,75.69787007,82.1959358386767,91.6435973686123,1.30111486660669,81.7972477263263,57.0191880413067,6.17350810903332,4.51082164324156,112.955467847796,9.04533386,1,"Master","Noisy"
"S0757",66.4270373689714,"C",1,74.1040015760682,76.6720021089168,78.9830851727918,77.4987365148794,1.44958810870405,75.1126218787218,69.9168723072582,6.839089744,3.56609987913909,113.966629371037,4.30086413843086,6.87389766180218,"High School","Noisy"
"S0758",65.0492735530325,"C",1,69.3403600586977,66.6768558603881,73.9326322784098,65.2783483140106,1.1972359484393,81.200541048707,63.023874685503,6.53244674567216,5.36053031873291,51.7667652358272,6.37965279600607,5.73635926082493,"Master","Noisy"
"S0759",86.6684377651868,"B",1,89.1640920678027,83.3145078892512,82.9355051855707,88.9189453636125,2.02991686596988,82.1242363388067,71.2911362455862,7.13009110100233,2.44468508328791,101.839906342921,6.22002124345019,2.348790423,"Bachelor","Moderate"
"S0760",85.1149229366929,"B",1,83.3728466173492,69.0115355509409,83.6475171723484,82.571046212125,1.54264586864151,74.6227945141718,65.3805469194894,7.86313690918795,1.43124585651982,68.9767054630109,5.7088022454973,2.36798146829294,"High School","Noisy"
"S0761",66.0956886711074,"C",1,48.3421183853013,48.2045438600481,44.7942191115555,49.9963749083792,2.04019216100974,61.5868247767815,67.8131343739863,6.43574759146813,5.682828058,112.577225450731,9.47052599200886,1,"Master","Noisy"
"S0762",70.20596692,"C",1,57.1447137287551,66.0059717121039,50.8521891753785,64.3997209194118,2.54023222287585,71.6675215973202,76.49133393,8.04898609588568,2.89098174764109,70.5111845371715,8.50557036110033,1,"High School","Quiet"
"S0763",64.5514401995199,"D",1,53.6669026897956,61.973198762535,52.5818174376738,58.0639878954826,4.77193113628454,73.7936451028333,100.097253542488,6.07025210485466,3.88202775726817,96.987334560363,4.38353898515163,5.66267261851928,"Master","Noisy"
"S0764",80.2944753838161,"B",1,80.9170460914972,78.6315648085659,79.3746321492181,75.5301657065735,3.44150423912677,81.0141699222312,75.6805639345399,6.45077731593101,4.960015631,72.0270668247418,8.28812469660972,2.4608114171962,"Bachelor","Moderate"
"S0765",62.7238780337282,"D",1,41.8442839104679,38.833223608659,53.9778663421955,48.7267661605656,4.339895143,67.5131272914041,90.705147240588,6.75927824843053,2.6215683193779,50.5020680141571,7.16379479877276,4.33034709849406,"Bachelor","Noisy"
"S0766",86.3558554094774,"B",1,71.3439326679224,73.6878039482975,73.50873179,72.90959337,3.84140600284933,68.8810917265732,87.1393251764753,6.92780692045311,4.58082269088806,47.9415116050218,9.40520736640947,1,"Bachelor","Moderate"
"S0767",70.2661394890501,"C",1,81.935227715738,76.9433005197965,75.0471402119668,85.3705566950326,1.45001252210653,78.7512965337795,65.7809782495367,6.68828578025049,1.67709424908914,68.2888074830711,5.87767370409015,3.929171071,"High School","Noisy"
"S0768",99.0147407,"A",1,88.2221100218962,89.7310695209935,85.39824,95.5548143182892,3.9436816254958,82.66817943,95.4033712845936,7.43621573430419,2.45646873602753,97.9945191312793,7.4449719976575,1,"Bachelor","Noisy"
"S0769",68.6013574485568,"C",1,58.8144961793749,62.6448975712984,63.9214126565219,53.2565949318072,2.1003955262365,68.8344509523249,67.1452511893811,7.16790983,1.7235531806826,84.456433666269,7.00453164844592,3.02165350073988,"Master","Noisy"
"S0770",83.0578492470232,"B",1,85.16915176,91.3038178763822,95.6113656213103,84.9900238634284,3.55643138797883,83.0050478197313,83.074504645699,6.11607322933746,5.05615279200679,91.97663609,6.93736543736563,3.13392182318383,"Master","Moderate"
"S0771",52.3809904831572,"D",1,46.0847455325364,45.5839751501366,38.15482897,43.4274727757403,2.36384789457195,66.4969275532292,71.0758083924868,6.64277704538948,2.11324617613393,55.4093715658748,6.73663239710328,3.90232441710947,"Master","Quiet"
"S0772",85.58364891,"B",1,86.55487605,85.5365072945137,77.1552541197033,78.7155789185712,4.99068905305864,81.05340383,95.8992525800637,6.39135669379168,4.58701777702605,73.32918114,5.23377685319369,4.05773504527722,"High School","Moderate"
"S0773",56.1368345633494,"D",1,47.011876428259,42.6219634944762,56.3667023051179,48.7454263162836,2.05420591798711,64.2010816488951,68.8061267,6.82730266927698,5.71649198622826,33.9955738472394,8.53425953495436,1.03068786480978,"High School","Quiet"
"S0774",61.5000864641459,"D",1,61.8508009808202,57.7163992106209,63.7988718676747,74.4085837387423,2.11652188309708,70.6997860387898,75.0192299309106,6.89574734463194,3.63886104534439,103.577917436231,6.70801619643573,1.81398154826008,"Bachelor","Moderate"
"S0775",84.6268501063431,"B",1,83.8512451178755,82.7188506583678,79.5097814584936,74.6508564,4.72268902224959,77.296173039482,91.9577127456742,7.20379642054621,3.70014596130344,119.090294601589,9.75109765001563,1,"High School","Noisy"
"S0776",45.2047196076986,"F",0,48.2454585041826,50.0822860382634,50.9186039347947,48.08405545,1.09857761854529,63.55439581,63.1248481612174,7.840770559,3.30516784,66.6191156362204,5.56485056315666,3.32665234604656,"Master","Noisy"
"S0777",61.7054398890026,"D",1,52.6088267377953,57.1767498689615,39.4300880427109,55.8115414131692,3.78675595149279,65.586115719412,79.35804836,7.34304257732082,2.62945071696821,30.9867287818389,8.09646303776225,1,"Master","Quiet"
"S0778",91.1016236431817,"A",1,79.7238912616186,75.7079965082169,79.7407687946044,80.3392822698996,3.90130556294351,79.0365428057941,86.2063656472241,6.70711766758145,3.37827515462459,45.2813375595853,9.644302478,1,"Master","Quiet"
"S0779",91.9445646,"A",1,79.60200951,87.06545235,81.2411153742495,79.03636925,4.3455143096416,79.95980204,91.807696595326,7.02941480919126,4.0140376613338,88.727419,7.98074993809656,1.50111600523659,"High School","Moderate"
"S0780",91.3707688012755,"A",1,75.2631198086914,73.9075018034785,79.8844705063805,68.7670379914622,4.8977572425539,78.00992761,107.351870790109,5.94886456858687,5.9299578608533,85.0871386383473,9.22763744570437,1,"Master","Moderate"
"S0781",83.0531380738475,"B",1,78.16716445,78.0603279739483,73.0976846842278,79.3310981603913,4.90240767662661,76.92210633,97.6500652425026,6.04114181937408,5.68882279659112,100.907824762699,8.96488575854204,1,"Bachelor","Quiet"
"S0782",60.7860616401478,"D",1,69.8498443841178,66.1137859883787,70.2782801911346,66.0660244990381,1.26110703026586,81.2884958619152,51.604852935404,5.64682416275082,5.31076479146561,52.8495609864961,6.16070629293402,1,"High School","Quiet"
"S0783",55.8192667726393,"D",1,53.8489482398824,41.72774694,49.2218251095845,42.8993397149896,4.287357291,61.0770709739261,82.8791283758098,6.82943294198491,5.44565267852429,98.7268723992421,7.60074363963698,3.90756710911057,"Master","Moderate"
"S0784",65.02158193,"C",1,59.0132796427156,63.4335066245208,60.2901984210872,64.9862407452842,3.58523973462953,65.9017892790083,86.0225452780287,6.80522493723722,3.33924591646021,91.9185619371303,4.93756803886813,4.06216143835508,"Master","Quiet"
"S0785",61.86037701,"D",1,49.9878744240784,53.6720939095406,45.5111428122633,54.7798035232886,3.58936853749236,78.893755333157,88.96253965,6.80488263214173,4.28722163588732,59.0533047942459,7.2131552961736,2.3744246339765,"High School","Quiet"
"S0786",80.8788959736302,"B",1,89.9647808733496,88.5581430877585,87.9242766775484,90.2230857576049,1.51339970645878,79.7924336617286,67.0112763527241,5.83941895129236,5.47533361468107,79.0939333251266,5.38253183088602,3.16257600382467,"High School","Quiet"
"S0787",83.91146399,"B",1,72.0865487121366,72.421502298261,67.1074717381855,73.2319221531651,3.60074866578261,69.2745009825195,86.8453371868311,7.32854766737071,2.96475382495677,43.2546427648494,8.46242088971467,2.50950945372596,"Bachelor","Quiet"
"S0788",71.5369825703912,"C",1,62.0468279220002,64.6265240105207,65.3025091311185,67.41841799,4.92993032240499,74.6957976860062,105.110601211578,5.87638566341426,5.80881239172734,70.7308053092024,7.16835053135275,2.97507840568458,"High School","Noisy"
"S0789",69.1467832293274,"C",1,65.4103192,57.5975899159946,69.7025747837106,66.53201748,4.64727427815779,62.3195603313443,93.7747866778922,7.00546654604531,3.07893031034591,109.307760560008,6.46736417578996,2.70627053894417,"Master","Noisy"
"S0790",86.5657546560225,"B",1,92.1005836786498,89.4553202919184,90.9274808288628,96.62067145,2.7565226432194,84.8739222894627,82.0397792123282,7.23728901752974,4.00541332696608,67.9072241842852,5.61278257700187,3.99498781165411,"Bachelor","Quiet"
"S0791",55.2556956964263,"D",1,48.4343271713844,52.4056505694935,48.6255171461845,46.9469161670152,1.15979189314438,74.9462882110746,53.4378445063117,7.03067258620771,4.549023566,105.561003582788,9.992190891,1.68598903107715,"Master","Moderate"
"S0792",66.6526933074946,"C",1,72.2426407609238,65.97119365,64.9996836877561,78.8025594537936,2.44917396000082,68.3966407696949,69.9670004353179,6.26309694412762,5.75296006537969,83.12280287,4.4302631253096,5.49676744280913,"Master","Noisy"
"S0793",69.151335630118,"C",1,67.8238773386456,69.2916669994788,66.3254941,69.427805968309,4.305561246,64.0021162406292,84.0204054893631,6.44901007256824,2.22308137,47.2689041792121,4.261364083,5.55690237894957,"Master","Moderate"
"S0794",81.1537938549677,"B",1,73.6299829489056,66.8470739257886,73.3789598636969,74.600242666935,3.80599640586066,69.3190854646643,86.6857375552577,8.07720881767236,4.73065489119321,82.2995620228107,5.30354440296319,3.75507411089755,"High School","Moderate"
"S0795",51.1492093464963,"D",1,40.9960601101462,43.3282100223139,54.10002557,34.6457546665861,2.83737462237583,64.989827896808,78.1424401374265,7.79170610592045,3.60407793072041,75.5384996241357,9.82643475176692,1,"High School","Noisy"
"S0796",90.8171238483832,"A",1,87.9668149919283,87.7886075804409,82.4069798630575,89.4015942634369,1.22040614063532,89.6072910958932,62.7745688674858,7.65850170151319,2.34278570310321,65.8777201676746,9.87542900991991,1,"Master","Moderate"
"S0797",89.6051637634772,"B",1,91.2665055365987,83.1908464570711,98.5873917303609,87.1067309491264,2.70757891129321,83.07030878,77.38520588,6.15848784950993,4.88303419898195,40.7667395564463,7.92956640863282,2.3959187036918,"High School","Moderate"
"S0798",72.6000719570172,"C",1,71.0823251,76.9060218696924,76.0666189647355,67.890911464764,2.87609975887153,78.95722457,74.12323093,6.81487049888825,3.76111140086923,67.5037797462507,9.28064000323843,1.81894446108924,"Master","Quiet"
"S0799",73.25032836,"C",1,78.3157953132291,74.6428374292388,79.7189773356798,74.2389171716485,4.71422213157654,86.1091742941745,96.1910170936994,6.43682905413723,4.30486910324838,36.5486138615664,5.28377038504477,2.46773308045557,"High School","Quiet"
"S0800",92.326635698912,"A",1,90.7374659647513,86.6862037796794,99.5305683857269,85.4062913052551,3.56434441432864,94.3054650545248,78.1562108002576,7.84757636668134,2.61450534288951,38.8892146258876,9.83225256505974,1,"High School","Quiet"
"S0801",81.11040708,"B",1,78.8981248872369,79.9009708733916,80.7586522502712,89.5219819023217,2.2466116666186,78.2173860377192,79.28226154,7.109340518,3.40636975913803,67.4324879639444,4.85670910083739,4.56254980860616,"High School","Noisy"
"S0802",57.8354175640337,"D",1,48.3896473602844,54.1328341074279,50.335443338624,55.0463426702264,3.10127305780289,52.6874650917922,79.4946002135388,6.38188669433798,4.08677125494034,57.4843333771617,4.60675112908995,5.38976802233685,"Bachelor","Quiet"
"S0803",62.14295819,"D",1,71.6958598091747,66.6167507142827,71.430256544087,81.297697319896,1.26422123128864,71.7435352925389,60.1977817176679,6.85725622903284,3.024554071,113.2989893276,4.67326923548364,5.181697073,"High School","Moderate"
"S0804",84.398374723811,"B",1,73.3693275510571,73.6777268002969,79.48717196,67.2548524532793,4.89027294259895,74.5506428008522,106.84743106821,7.963035262,1.99186269923851,63.8135224842244,7.43876753963539,2.43954377467734,"Bachelor","Moderate"
"S0805",64.7113380214453,"D",1,63.3271869216312,65.47126942,68.8095330906856,63.6834556711857,2.4402396077229,70.3688994779237,68.19116341,7.05758818493728,5.808202462,98.207230986489,8.68584640430831,1.722249654,"Bachelor","Moderate"
"S0806",77.8871571780675,"C",1,80.5044329593597,83.9699609956755,77.3760465218787,74.0368948333393,2.91146941965254,79.3129194746363,73.4867586263656,7.6969644716792,3.55733770021309,77.7222773729619,6.2000030672478,2.89670382197309,"Bachelor","Moderate"
"S0807",89.0037396401648,"B",1,91.3901858122958,92.2723935886819,84.793949839302,87.9117114263105,2.42113589694769,91.2895658958012,68.7302573451341,6.97763547709544,4.6696018514385,93.3677101778102,9.867375927,1.06676551551694,"Master","Moderate"
"S0808",98.8974067074032,"A",1,90.90626821,89.0711290144561,89.8913650228944,86.3156332927898,3.7300469204648,91.8252762383743,86.9611123,6.95711677526459,3.05523596778029,53.4104384713859,6.60652082870998,3.8269316129895,"High School","Noisy"
"S0809",61.1024286945662,"D",1,64.7961654272273,60.6582143239837,60.795972605239,70.9940854594351,3.64892863331837,71.5397144439897,88.64744448,5.54654544129687,2.77565882012858,114.77144755545,4.9026913046393,4.77747643123262,"Master","Moderate"
"S0810",59.433040971375,"D",1,46.2280925212415,46.6588119364734,45.9104696481648,44.2469441307327,3.86128924211654,68.6064706408799,92.31126976,7.23783356420342,3.03582149233563,77.7079647222982,6.795800489,4.8051075027721,"Bachelor","Noisy"
"S0811",99.893597806601,"A",1,94.16626594,88.8055708830004,100.353456616349,99.5081626113985,2.07257291844768,88.8714398046197,83.5857057719517,7.08529065489948,3.04598321892825,104.819166415672,8.074222993,3.48219304303713,"High School","Moderate"
"S0812",86.3241507851506,"B",1,86.1393947545264,71.5326423370533,83.8528864790924,89.159999202469,2.26267392465626,83.3922272415761,61.3795769755588,6.95372087424775,3.72090057970977,62.8541124128502,8.99335468302627,1.93954067216754,"Master","Noisy"
"S0813",49.3347115017857,"F",0,46.8564474661797,49.039246486968,46.64233056,58.3746412267036,1.50100492438483,67.9609445186396,68.05372719,6.91174386854456,3.71734934990682,39.0190214145472,6.75260973973956,1,"Bachelor","Noisy"
"S0814",83.3912738594787,"B",1,90.6463035439555,95.1659777493864,90.9364172179974,83.2490824282569,3.62203988738445,85.6844120131673,83.4347460109833,6.29113819520111,3.48576907941436,90.63404829,7.561640956295,4.01730413642297,"Master","Moderate"
"S0815",78.0946238631119,"C",1,87.844299913417,76.0296377357079,92.0864543244435,94.140466112351,1.15918850934261,94.2112058421973,58.6598093489822,7.77652560104944,1.67392892458719,30.6983683503682,5.604068273,5.19069024951881,"Master","Moderate"
"S0816",71.2339527058627,"C",1,68.536093141934,63.4874396183843,57.301646472011,74.2682974939376,3.39072934209384,67.0759907369942,80.808432779669,7.27199493926513,3.48037739250266,72.7763678908958,7.87549915843308,4.13090947927985,"High School","Moderate"
"S0817",93.2877348672849,"A",1,72.5201489659711,75.6159202709971,69.4866474921446,67.6532547758359,4.47878353940654,73.6842199875255,90.2439870400255,7.78751354039885,1.84551950210326,47.3521712399813,9.91583166370206,1.32163292803148,"High School","Moderate"
"S0818",71.6008024674872,"C",1,61.9451487128572,72.2326260614157,63.0015671742545,66.980815395223,4.56332859315853,70.3399798716588,104.055910104603,7.98408482234305,1.63067893147883,86.4637954,4.29432143552676,7.28402124197052,"Master","Quiet"
"S0819",55.2671129090754,"D",1,43.0118901352117,43.1158586735888,49.012284917346,44.6926149503429,2.79615104147985,63.7032085198958,82.172997049868,6.603057246,5.66322858670584,118.147788582407,9.31918402423101,1.55947082594937,"High School","Quiet"
"S0820",60.054311621188,"D",1,58.4358482905245,54.7958335843789,55.9763360529935,57.2984669907575,2.8372147528523,75.5577265807777,78.4881274213098,6.58756027450899,4.02475006573852,71.7962615688581,7.37369501660514,3.97499818204038,"High School","Noisy"
"S0821",63.7586122487834,"D",1,84.1569396728906,83.2424574673664,74.7741761426813,80.0372622380306,1.30787673203207,81.9564770002645,69.83384608,6.67534648885508,4.29745029062292,103.5748431,5.5125919573738,6.48153178336064,"Master","Noisy"
"S0822",60.8632433752576,"D",1,40.2547612652532,47.1291433609941,43.3533184950838,36.6592140080072,3.68306010177214,53.0162323850955,79.267956191227,7.14287192812664,3.00896835166682,75.7005768256009,9.72933826005555,1,"High School","Quiet"
"S0823",62.7283166879501,"D",1,58.3424544430129,55.1126335473902,55.1656424988848,68.5915149219426,4.28503768149138,73.3837967037815,86.1968511582592,6.39037838668101,5.54490445957432,74.6256027993622,6.90012581835339,1.52764363756848,"High School","Noisy"
"S0824",63.2059162601553,"D",1,61.8992781475019,57.9033181142506,55.9509448520501,61.90269224,1.97862021841885,74.7244329044608,58.8963635232151,7.24221309361637,4.18965244789833,113.7381144,5.99014151004031,3.70239758994454,"Bachelor","Moderate"
"S0825",67.0545434294081,"C",1,69.5567581615858,67.14304055,66.4350312130196,73.4674081692431,2.68520352653346,65.0690857838959,73.3549625647182,6.86807957222586,4.84584934761794,110.096928187201,5.08898576962505,5.30095983,"High School","Noisy"
"S0826",91.3799468567143,"A",1,90.5920589027018,85.8254158614083,89.6694321144226,86.6375619943641,4.35535734706108,85.2770087829969,94.3620661041346,8.18582801624341,2.84281234513857,100.722041866918,5.46671326153997,4.60817432283159,"Bachelor","Noisy"
"S0827",66.3213345113439,"C",1,59.0490296901279,59.6623812701018,56.0253063674368,55.1497649590197,4.50848187064915,61.5738056916624,95.5991116,7.36321666871365,5.80005940409563,56.6630177985106,8.99709424954866,1,"Master","Noisy"
"S0828",63.4156283502021,"D",1,59.0824261042925,67.2058183966403,48.0545958187972,64.4923501505422,1.9727199210569,66.217957564636,70.4739087658684,6.509132856,5.10230645079158,79.0507574151546,7.68646005590299,1,"Bachelor","Quiet"
"S0830",63.1274111,"D",1,64.8719867489394,63.610219238308,71.24636196,62.795917909413,1.76997260254331,76.4823168656796,71.7154997385032,8.060124831925,1.86097133712877,69.9525028241886,5.39181071294671,5.41592884303744,"High School","Noisy"
"S0831",51.0361876581322,"D",1,52.353265261699,50.8942089171213,55.6108752183965,52.5234023170602,1.40751505655823,66.7607835017104,65.2732881567773,7.02336701869964,2.3548160393561,73.5791759183812,4.72683144309341,6.85350832772956,"High School","Moderate"
"S0832",62.3784587910973,"D",1,64.8841733872981,57.0682193438148,59.195745035174,65.4410363964984,4.64448200556783,66.0141316898689,100.110091463008,6.87081814,2.42813299841789,104.84760361524,4.036525186,6.88004242792416,"Bachelor","Noisy"
"S0833",58.9946949673263,"D",1,47.747136120889,52.1626850066248,46.7396784511514,46.8516696958082,4.28203001692844,68.2738978752312,83.35648928,7.094413528,2.35454611623436,110.642552879249,7.04717222569596,4.01025506141817,"Master","Quiet"
"S0834",70.90755229,"C",1,49.7012842578423,49.3120982727783,49.668677681695,51.68038316,4.0401396072127,57.6816130092791,91.9588503661159,6.19356623343626,5.277040811,67.31580562,9.98984158229193,1,"High School","Moderate"
"S0835",64.7050144312579,"D",1,67.4102275006714,66.5078279327183,70.4041994484809,70.8745062797604,1.19506527525256,75.3556827026904,56.011826552938,7.95830771223981,1.15942397604296,31.5934000565913,8.16979161291183,1,"Bachelor","Noisy"
"S0836",72.1651008527772,"C",1,63.0408997227501,79.0064375619745,66.3826021663405,66.7140874500468,4.374915171,67.4503965149173,91.7625354456535,6.80613212696573,1.38049994490387,107.559645581042,5.85036755179088,3.69441186732642,"Bachelor","Quiet"
"S0837",93.3731286888872,"A",1,90.31652456,91.8102891005739,86.645655564853,85.3875055154064,2.75217630362153,83.3298768667202,80.1935875293973,6.75026732115934,2.36957435314952,45.6850810651225,9.261151498,1,"Bachelor","Moderate"
"S0838",73.0571069617339,"C",1,59.9316644514148,56.1727092,60.3416422334826,58.5108889617708,2.36958049318344,72.4871859658993,74.151272963114,7.57176981512454,1.99936487324722,85.9693767501354,8.69033359592776,1,"High School","Noisy"
"S0839",64.5989087223142,"D",1,71.9323592652924,69.8005712842647,74.21876129,77.9061735746771,3.18590544410151,78.5734266279438,77.6013545421185,7.66368259438238,2.15929806941424,32.2473810390718,4.09249099645924,5.962203869,"Master","Quiet"
"S0840",86.34821352,"B",1,74.7745358355742,80.5167643815579,82.05364745,79.2477717734435,1.36541297089422,84.0721132855669,63.6854954898643,6.82385603858806,4.989715946,65.9555827734508,8.90116288324614,1.54025687664682,"High School","Moderate"
"S0841",43.6293621389504,"F",0,40.7201951123583,41.2865471650472,44.242727811482,33.855897854953,4.0265861974096,59.9488290578219,82.6081853978777,6.46179197,3.81563296946023,118.736427190381,5.80316054343098,5.04985464481252,"High School","Noisy"
"S0842",84.1684973301317,"B",1,76.4945554609191,69.3031655693323,80.4398388977967,78.25195496,3.32974030755318,79.7795320452762,89.0487400550233,7.20221118342743,1.028853306,39.0624240993423,4.89804078750161,4.82383934813206,"Master","Moderate"
"S0843",58.1197203082564,"D",1,49.7919781778363,54.3881228507123,50.2111113174831,39.9008519309623,1.746360387,62.7073024768965,66.4371837774455,6.80269843454975,3.14661382852098,68.13238368,5.35798503842245,2.73825555593296,"Bachelor","Moderate"
"S0844",80.3837266884107,"B",1,92.85886746082,89.5181470331251,99.9111631868376,93.0935419711219,1.75292879907618,87.33938314,73.1220377120384,7.20810898586682,3.03942463425179,57.6434955170957,6.81147882625083,2.70564345445803,"High School","Moderate"
"S0845",47.4632336960341,"F",0,48.1764500264212,57.5429389075089,50.22526401,57.66528511,1.7369946062907,66.2856552532532,64.7372876274268,8.27182078,1.56972634722272,111.457931104944,6.54920756240807,3.49450283458392,"Bachelor","Quiet"
"S0846",60.4055504283126,"D",1,62.8043268,68.2045671335596,58.4988872541185,58.0648632186414,1.22800955020774,70.9106141652213,59.6622155600444,5.66206872421244,4.38070894300729,108.240609711662,5.73332379624536,5.48948412588805,"Bachelor","Noisy"
"S0847",48.0844611131422,"F",0,44.6942317443254,42.4576222660317,51.7110815949514,40.52261652,3.35119379748674,53.3283634517002,79.6910040416782,6.536489839,4.51048594189746,51.3928884275606,5.0333099332422,4.3988822245737,"Master","Moderate"
"S0848",98.2056447310158,"A",1,94.8280838515271,101.233165660203,98.3176002142223,98.64823276,4.36139271035403,89.071396407418,97.9947967620057,5.95232095090925,4.60446609526049,37.3069008345388,8.57338473785302,1.93915889054639,"Master","Moderate"
"S0849",77.8962425384793,"C",1,67.6207255682183,67.9600031208554,65.4055054625759,59.9067179921701,1.06999285594955,75.6331701708865,57.1527727728532,5.78117224298537,4.642354728,86.4424554655006,9.9406587024095,1,"Master","Moderate"
"S0850",68.5693344182332,"C",1,72.7461759526024,77.0100443282135,70.3487111156062,69.5824008031772,1.19601857988509,72.9722205945614,65.1831629609268,8.18339908227396,1.00026413466148,60.2731840695339,8.66674948251814,1.37715105060525,"Bachelor","Quiet"
"S0851",45.89380562,"F",0,43.6892062563635,46.1128703428359,45.1720839820673,46.6714119442723,3.29108110674778,55.4226679478192,80.9985490791314,6.54143108147959,5.76960401923361,90.4875951545457,5.77562180602925,5.15491151329534,"Bachelor","Moderate"
"S0852",78.4264015826686,"C",1,81.2478258719548,77.0160426,83.56374985,78.0763966335078,4.27798274154421,88.0033086884972,82.900010915984,6.70340360739164,5.07104383527331,32.89077805,5.468853768,3.87030503477462,"High School","Quiet"
"S0853",37.7606671765043,"F",0,51.5448076202572,48.3270584586699,52.5312689484132,50.3649576842024,2.30695556227453,68.2296313646006,70.217985283813,6.80454037498157,5.51990848294643,42.005931165974,5.30599525639563,4.11881829396085,"Bachelor","Quiet"
"S0854",83.60131037,"B",1,89.3929859192393,94.5427900071451,90.94952929,93.1139144708144,2.39845759523089,83.5510878050111,68.0890348804947,7.43667560865578,1.07821647653717,91.77350095,4.82017044693422,5.16792872997155,"Master","Moderate"
"S0855",57.5309786200864,"D",1,51.2826802265104,49.6088035659777,59.7824670993923,53.39041064,3.3853859899871,59.9561756975178,84.0233735182827,6.08289304815463,5.6692939789287,49.11335898,7.30798329815381,2.05187019675249,"Master","Moderate"
"S0856",58.6923012623642,"D",1,50.4878246365017,48.4695823202917,55.8455403976761,51.8219166179787,2.09685155649659,61.1348381761441,65.0164768865934,7.57818251532913,5.04894264344052,107.182890818616,7.63240223172007,2.87561005933453,"Master","Quiet"
"S0857",53.2671859985972,"D",1,42.0102317316452,37.2346188348985,42.9634096879703,40.314620335295,1.10643346431074,67.5180678497538,65.6942101466804,6.32088575843216,5.18609571479349,35.2731798939122,8.23301596397882,1.05379173165504,"Master","Quiet"
"S0858",80.3214911815065,"B",1,65.96368198105,68.0816773090173,70.6702348848874,67.8139875573947,3.94091407240638,73.67015069,88.9537614222987,7.92763497944409,1.46643692360984,49.3933784507017,8.08128022560201,2.14502398214313,"Bachelor","Moderate"
"S0859",74.5836741084871,"C",1,71.06626233,81.3788869256596,65.9036428118062,70.4475989289451,3.50259965176581,72.7801958297184,84.1380165438644,6.59502372710376,4.69389014459299,119.870422363656,5.7539998677003,4.14582736351295,"Master","Quiet"
"S0860",52.33543212,"D",1,43.6139751685594,38.276310597288,45.6036104182934,45.90300322,3.32302399622264,64.355433740403,86.5097006511643,5.33599570049766,5.79958344821045,68.9768492328113,5.98186603238108,4.23305993239563,"High School","Quiet"
"S0861",87.6663702491321,"B",1,82.6540189182256,82.7751162015894,91.7005506668911,80.1693587926357,3.96673651596729,77.2550185218812,94.4868998300522,5.65986448597213,4.3927367070908,93.2669097190179,8.08908721265403,1.45117139228293,"Bachelor","Moderate"
"S0862",69.17513379,"C",1,64.9308859111415,71.9919886882187,63.8406564341796,64.0180410392438,3.70092335,79.9696581069726,86.9087397436332,6.55466578309314,3.85280702312303,46.4396743971312,6.096685845,3.5642258607714,"Master","Moderate"
"S0863",68.35108892,"C",1,68.84146481,68.4432578567883,64.6032951699215,63.8916758502568,1.82352795271328,81.1847350809921,64.37927803,6.8096061092115,5.72814838874498,84.88818615,5.27573913771588,4.82027013028117,"High School","Noisy"
"S0864",67.5285352520576,"C",1,64.2419510816026,66.5038100628512,60.9815066386372,64.0669130315714,2.4099241877734,69.78810518,65.2293938,7.42974014571635,3.214685609,95.3495461532477,6.24601692218044,3.95605758398087,"Master","Moderate"
"S0865",56.4760086049897,"D",1,62.0419683481429,56.7300007074085,56.593803161431,57.98696403,1.504440567,67.8776329389172,61.61415688,7.2580982326463,3.99646783155239,58.302897227986,5.63250494546787,4.36329313914098,"Bachelor","Moderate"
"S0866",61.7210056105318,"D",1,70.780218221952,72.9217537079902,66.8564086813135,65.209985971142,1.51942805367152,62.29944312,62.1082193034754,6.49196947029029,3.38169146747183,104.6007401,4.52987632731147,7.17548602920162,"Bachelor","Moderate"
"S0867",62.2711591033077,"D",1,48.5382135261892,47.6024922011664,46.685673033239,49.8315192654661,3.70478298542616,56.8612029053378,87.5831171192231,7.10866691302071,5.6642311068015,84.30758206,8.98083341365992,1,"High School","Noisy"
"S0868",70.90976407,"C",1,50.0060471772399,54.9346971556392,42.9782120813467,51.0697460565282,4.43440042792999,58.3056747138312,92.6182698736098,7.10342625975855,1.38042363382754,65.0210708653527,9.11866833494222,1,"Bachelor","Quiet"
"S0869",95.77205169,"A",1,87.3982091557434,93.33513941,87.4763008254915,91.31257783,4.85093033544456,84.3750562828087,101.948968214703,7.05473264809696,3.50559850412674,80.1878154008843,5.31850180100128,3.10786917688174,"High School","Moderate"
"S0870",76.5720161651042,"C",1,92.0363504173498,104.984168627443,96.547736286283,89.8807225694743,3.51338847019778,84.3870066864681,82.0689683456243,6.66439519296797,4.43476220692719,81.9084762692332,4.38863319715121,5.98344828151618,"Master","Moderate"
"S0871",69.05124239,"C",1,60.5320123953864,63.4301782614543,55.9932314946518,62.57227663,1.73640529344383,63.539328760617,67.0788471001736,6.42520328220935,4.95953269211118,44.8981763424479,8.43296462410708,1,"Bachelor","Noisy"
"S0872",58.54126445,"D",1,54.8909570228955,56.5199386058063,62.48737664,57.6449448842638,1.42260138179572,66.039658299125,70.1459510339417,7.4947680979816,3.91509323722068,66.245913288027,5.26917175518048,4.45251798894294,"Master","Noisy"
"S0873",77.4652573286496,"C",1,75.4199748781459,76.3918963860325,77.9739353207838,77.6438439173038,4.25140388614703,80.2366731773097,94.2231649312452,5.98406812373484,5.544588721,60.9087529217544,6.36061293662116,3.26732273804751,"Master","Noisy"
"S0874",67.8252623930838,"C",1,62.48037941,60.7145479463419,67.6332823385156,58.3521109963846,3.31502590544,73.8793864547756,82.8500713459571,5.61221020181823,5.70995723441936,66.0812450321213,4.3848115134243,5.89607961317687,"Bachelor","Quiet"
"S0875",39.3536993381178,"F",0,41.396249561319,43.0886687786274,38.1070767920583,42.1430669726749,3.47314008405488,51.1997733763651,81.72167863,7.61351890831283,1.32159611596792,98.4999529636732,5.35761750855061,4.08959157390421,"Master","Noisy"
"S0876",68.8238766019259,"C",1,48.5883928551405,47.1113858044453,52.8610189904735,50.4090943354138,4.12584835501884,63.6528790251511,88.09232657,6.89653082354468,3.01185269770687,73.4284566720005,8.75741366997782,1,"High School","Quiet"
"S0878",78.238320177169,"C",1,76.2408168050583,82.8288044830981,80.6920543092409,65.8084285132029,4.33783301142439,82.6290518882305,90.6732957853294,7.54412875215832,2.64708328687221,56.4308772022593,5.24250894932626,5.04205784114826,"High School","Moderate"
"S0879",44.0409003975354,"F",0,41.4902795876916,36.4575667612934,42.3494762866592,42.292727707559,1.22485562183951,64.6658718756133,66.0268854121167,6.69002738543478,3.68434108985301,67.4133220456436,6.01548307064014,3.42346607733759,"Bachelor","Moderate"
"S0880",62.7072309957114,"D",1,52.2084689063122,57.9078617119574,54.9747250062361,63.2711241032984,3.99008254698602,61.6140983215338,88.7913841133988,5.80575181964153,5.55397465254974,100.826112943114,4.80543051456246,4.94373581362631,"Master","Noisy"
"S0881",46.8008979191934,"F",0,52.7091138123439,59.2946891490433,46.8311407842197,50.908917468559,4.40341102928838,62.52433089417,87.2852449459777,5.4900243110175,5.23277161232701,79.1422133988675,4.44503578170953,7.20031917056121,"Master","Moderate"
"S0882",87.3959413000039,"B",1,76.9541008979301,76.3637582629747,72.478751686547,73.3137154086535,2.14454016983326,76.1707152,80.2862481636315,6.99614086712331,1.63749863335993,79.23253318,9.95303028669046,1,"Master","Noisy"
"S0883",53.9839842697023,"D",1,41.08407957649,30.4748050814471,44.0702206677569,42.950822375047,3.56178909597301,49.2780728145883,87.2177169154559,7.61792532376822,1.46515187370448,34.8006146704665,7.93356370746904,1.37715966937858,"Master","Quiet"
"S0884",56.8861296763518,"D",1,45.7259720091516,42.68686207,40.9842319880306,47.2878630614844,2.25664825534789,64.5428268717787,65.5317655509131,7.52976331766238,3.94633669378334,65.873969644661,7.25257905518991,2.0624247946837,"High School","Moderate"
"S0885",100,"A",1,83.9953846955254,90.480357428331,86.311416156021,89.9590605226075,4.83188426592982,80.6334696160621,96.109598023094,7.46266761250579,3.66058986229391,54.3660359179559,8.5929910024318,1,"Bachelor","Quiet"
"S0886",53.6103591289943,"D",1,49.8199564129883,49.7056161014939,42.9842673806871,43.5306156334439,1.13369428974202,69.7608536193335,61.8913748115622,7.41498095367815,2.33188820715012,119.9401610548,9.04046295812634,1,"High School","Noisy"
"S0887",82.9644143796132,"B",1,75.90103593,70.9045247703785,80.1419069951864,79.5579371947281,3.319171375,72.4584718761138,91.7146742198051,6.189236540318,5.49726542276918,57.7519563569079,8.84028860826836,1,"High School","Noisy"
"S0888",47.1408986867088,"F",0,53.10005295757,50.5761783514289,46.9374363837274,56.0521632638273,1.66601418819806,63.4544117375353,61.1195795906863,6.44335656401375,5.63683204730777,109.604688131448,4.09923669573926,4.77656320731376,"Bachelor","Moderate"
"S0889",63.7704770478313,"D",1,45.469276601764,49.6723767342867,48.2307762901616,44.7585439170612,3.84888082070863,55.2020120106864,93.3690118038661,6.83676384374747,3.01305719170081,90.861036153643,5.12084738914299,4.04983223649564,"Bachelor","Moderate"
"S0890",51.9698730120975,"D",1,53.37447050497,56.1081383459769,56.5026251732,55.0679070945784,1.70356113367465,61.6657824350137,74.03304347,7.22372816221166,5.4515127855676,60.6824768272881,7.92943181270699,2.66213920574611,"High School","Noisy"
"S0891",72.6550673005265,"C",1,79.7246812520613,78.5300207562128,76.2408221599134,84.871968660053,1.94153304759343,73.9524306456895,66.2720589505614,7.029481567968,2.91974447131486,78.9180940536711,6.25455608682378,3.36420662590335,"Master","Moderate"
"S0892",84.7563292985329,"B",1,87.0633057458457,85.2291836867723,89.9734385812694,91.424882645988,2.97748324418303,88.5115212671551,78.3872643475292,6.55160582313209,4.6840841591485,105.648229195427,9.89489590636664,1,"Bachelor","Moderate"
"S0893",92.00543668,"A",1,85.6620925511845,83.7033018059654,86.9643038678523,79.94699599,4.65933979998751,79.3397370318353,91.4118517630063,5.87817546116808,3.37971108773862,109.503146822782,7.99242875582952,3.27765926942537,"Bachelor","Quiet"
"S0894",65.3253617946014,"C",1,61.845094129015,57.23304321,59.1508848480513,65.9458850627924,1.84685748859188,71.5434254882306,67.45126918,7.41840784197784,1.61291578253591,44.4354487505531,9.739293452,1.55571369756318,"High School","Noisy"
"S0895",66.2220697469849,"C",1,76.7446825113855,84.8215609587328,71.7019090910045,76.421239486223,1.57696008447241,76.4685242363838,65.5866509730095,6.72634076712694,5.63967100618511,60.5615827087353,5.20867888987476,4.5091961669875,"Master","Quiet"
"S0896",74.4933250747526,"C",1,51.2741362478702,49.6625339018135,41.4610077895073,51.6385067379477,4.03590732741612,59.289741793871,93.6573232645731,6.48499382141442,3.27048296688768,60.1700862192214,9.18374216869014,1,"Bachelor","Moderate"
"S0897",58.9113227168292,"D",1,56.1231251643557,62.2089177684832,57.8713754,56.48911012,3.00247812933572,67.2200604663196,85.4756986484595,6.22290927226999,4.67243520161202,33.784031646835,5.92811383489135,3.207455851,"High School","Quiet"
"S0898",100,"A",1,89.2984700186616,96.9050502782738,81.4744561618513,88.5472550746703,4.64714044952709,87.6447516686488,92.7309241721626,7.54559478721989,2.83586907215646,83.8413983866707,9.937388849,1,"Bachelor","Noisy"
"S0899",41.2338666281164,"F",0,40.7151057930905,45.7066602838303,41.191826790297,46.67364328,1.58645822863937,54.3187559338285,56.0279569652637,6.93335007037662,1.09440439288117,106.933804769297,4.94613203243888,4.84916073403883,"Master","Quiet"
"S0900",56.4314322864777,"D",1,44.7029691969957,42.54486763,43.38572812,44.2843793977497,3.58371157209216,66.3970485521548,85.7308918245404,8.07810496573321,1.50265179345918,64.3416949,7.098038913,2.515466197,"High School","Quiet"
"S0901",74.2238229848751,"C",1,51.43374403,53.4523944847145,54.8294579102225,45.8360133911157,1.93151658460726,61.4682674091273,70.7828535,6.68959883567856,3.48109739744962,96.6032350485759,8.75706720302273,1,"High School","Moderate"
"S0902",37.3646987852484,"F",0,41.4592712130601,41.3382931811055,39.9490437156108,39.4916219332114,1.62704171460656,58.3147159761658,67.5175055844908,6.47076935406485,4.44982178563181,86.49303722,6.59585488362421,2.6344787073644,"Master","Noisy"
"S0903",63.3087745195289,"D",1,49.9789489299389,45.4604396262882,48.3317099982034,50.8724225139912,3.73371766062908,67.6428900800197,85.7038103687456,6.63595780756828,2.6736766328964,63.8083861943701,6.808504361,3.51155383036736,"High School","Moderate"
"S0904",95.53015713649,"A",1,72.0672858533331,73.6890822619411,75.7266393747745,78.2133597748183,3.37473847963493,72.7164621405691,84.37114529,6.84579044144747,4.47744229588825,42.6953819543067,9.91813477303445,1,"Master","Moderate"
"S0905",74.2995331556755,"C",1,63.1783502825874,57.2831513267884,64.853640428008,66.1938237073316,4.01930983344933,71.777049437973,97.77032238,7.88198260836676,4.493177947,93.8391467498371,6.551848902,4.44301979198102,"High School","Noisy"
"S0906",87.7450950074646,"B",1,89.0969441092336,95.0353410515414,90.6777238951475,84.84426772,2.23785030578473,82.9750179106763,74.2871739026598,7.034844759,4.51967953663915,106.910865204712,7.62443260359438,1.8417227525907,"Master","Quiet"
"S0907",72.8861323563052,"C",1,84.9593958956143,82.6363094091223,87.3057338446569,97.38534548,2.79188662552876,83.1265379813262,76.0520241302722,6.52907458799897,3.46260927010254,91.7269043161343,4.3272379640509,5.5231260916973,"Bachelor","Moderate"
"S0908",71.6139819418654,"C",1,58.7999543433832,59.8057526227474,51.1220937273476,60.1238308982731,2.62188670532167,57.49628164,73.7178779677368,6.89548106756348,5.574430751,31.6090635631336,9.053260481,1,"Bachelor","Quiet"
"S0909",76.604803348747,"C",1,54.2682888387211,55.6847282,58.05223224,60.6452425287162,4.93635785586606,57.9857353433201,98.51431677,6.80786545006195,3.44598258990308,49.4609604951892,7.88900829387726,2.09862576788037,"Bachelor","Noisy"
"S0910",56.1848474986079,"D",1,60.8830824491997,59.5885575806793,63.9454264192677,60.1245102813135,2.16899582695755,73.521376254834,79.8736580787287,7.71184470046882,3.25132596748319,36.2531986395179,6.42412061717688,3.24755844013256,"High School","Moderate"
"S0911",65.2118161401387,"C",1,72.4662218383144,75.39969085,67.3828061954319,75.1330180618417,2.17926895338707,81.4190179474025,70.8761859862397,7.80426697256624,1.99690409505313,81.3347489618604,4.09701723972712,5.85290216141641,"Master","Quiet"
"S0912",53.784270257974,"D",1,54.7435002452582,52.3689819621456,53.5230978768872,58.9408427678502,2.41819283531443,62.8193166049715,74.0829566305407,5.76694658622963,2.53827543678168,98.0829910956371,7.55001292356102,3.92169597480087,"Master","Quiet"
"S0913",58.5288943659519,"D",1,74.3281899317024,78.6846764189886,74.1316534935642,80.4191634904737,3.25837632516129,75.9439532049955,80.1721953969313,7.13445844474503,1.21167246259152,39.9521268361793,4.07594697090497,6.10175107488527,"Bachelor","Moderate"
"S0914",51.112795568324,"D",1,62.5176408705182,55.7877424692845,61.8451569485096,67.8044823974093,2.00929097705498,72.7324166997706,75.5878265577596,7.22188967099344,4.16767646808085,105.450403853405,4.00722168345411,5.19811913240009,"Bachelor","Noisy"
"S0915",86.1353505547899,"B",1,70.36259495,70.994492844591,72.0318947797016,74.72357995,4.6611597615171,78.647385481723,106.410783888894,7.40302502,2.24267871963546,79.9958080555935,7.69659137289613,1.5920887165573,"Bachelor","Quiet"
"S0916",66.08936282289,"C",1,63.9869591024424,73.6816040977338,71.1437930115983,62.4115254464719,2.06274225946505,61.855093192867,72.8804878418075,6.73188914441788,2.52077627242733,92.0972110927552,5.13410240400733,5.46102878190644,"Master","Noisy"
"S0917",59.5156521714008,"D",1,56.1956167748055,51.19396015,61.6044504131696,53.3368865650252,4.58326292624078,63.6676071525109,96.24649378,6.22698345975661,4.85407260832161,117.426166374778,5.15132529830857,6.14736799268485,"Bachelor","Moderate"
"S0918",92.14800138,"A",1,92.1649318829186,88.7762070302944,85.6038359157616,93.82796943,1.41390025458634,84.4195690422099,64.3229167117346,6.25604991521313,2.63610591580727,37.5312889422928,7.91962939499646,2.36228862575459,"High School","Quiet"
"S0919",83.7684505916157,"B",1,81.9983186787868,84.5678579270814,85.1086686303171,86.6639590404922,3.62625080959861,84.5148603255737,74.3409741520574,7.29251951821709,2.21097946006571,111.110162068001,4.32218312763625,6.36652961691852,"Bachelor","Quiet"
"S0920",62.0724709512201,"D",1,47.7062246671549,48.6041335768529,54.3508912648319,46.5926211632719,4.62794207375297,76.3452647521849,100.005175058954,8.55175823930732,1.84528874566853,41.3492426388668,5.88043336884734,4.72930435448937,"Bachelor","Quiet"
"S0921",74.2196424693399,"C",1,87.76573867,89.51888917,89.6997812778312,93.0915985029571,1.67499775359292,82.742840703144,67.4208096159084,6.94017909209323,4.87429201090978,65.3662926,4.89659141285211,6.52247300050541,"Master","Noisy"
"S0922",85.6935359268012,"B",1,66.8087159037233,69.2546515544616,72.2636180296531,74.0717996311541,4.87330784,66.3694706413417,100.874788657274,8.600649114,1.64853128995013,106.6294826698,7.4810582187792,1,"High School","Quiet"
"S0923",90.3137228693947,"A",1,89.200372479175,92.3739798219839,99.2617247076789,84.6187678838079,2.81153344166205,86.611526625594,74.5580234462019,7.460567905,3.26876880125177,111.562881306408,7.97059092836438,2.69662801094015,"Master","Quiet"
"S0924",87.6280939340221,"B",1,83.9920390771023,89.5405382868834,89.1105868076372,79.8074355581209,4.7828604337641,88.6009984862547,95.9063199427555,7.45334449756055,3.53465058038597,75.5734506190631,8.32681512159426,2.6569209223093,"High School","Moderate"
"S0925",66.9893471981733,"C",1,63.3867427458078,65.43583603,64.6332857240165,62.6848674512812,3.70728017452019,72.2334419778014,85.01767706,7.655954475,4.43694956342857,83.4694174447883,5.53138730151139,3.12988899235303,"High School","Quiet"
"S0926",47.7782220450021,"F",0,41.2358119576065,40.0295236845137,46.4612543280302,42.7738752985524,2.20634747949421,56.0846632530318,77.1715897153073,6.93870640617162,4.16641741166498,93.7332601138701,4.5354985098195,4.57883330617408,"Bachelor","Noisy"
"S0927",59.1390559667482,"D",1,54.777254766172,58.1401232721857,55.5016939316565,52.1544196973368,1.75321009966843,72.1785970904861,65.6383018136688,6.3903053298288,5.05360336472587,104.948280160744,4.47210194165139,4.67711531,"Bachelor","Moderate"
"S0928",80.5098653940766,"B",1,69.7898818063477,79.2892914808238,69.9093970227725,76.5508952,2.2149401849004,78.212668995666,82.562703459553,8.14920160742165,1.22375716963119,40.93600525839,6.55690929070434,2.71430051291827,"Master","Moderate"
"S0929",78.2581224788735,"C",1,74.8413020904381,74.1781333585252,73.0842309118694,76.9616363980304,1.372069637,72.2902468242409,65.8750084655822,7.98225903139185,2.48220362389699,102.90623774063,9.675066454,1,"Master","Quiet"
"S0930",59.9506427071889,"D",1,54.1838226988261,49.3111761754729,62.0008894929867,54.3810579400298,1.57547186537332,68.9990394370848,59.3763053537545,7.03981650048083,2.4006705938769,73.3148535460455,5.30637420548215,4.93622860757279,"Master","Moderate"
"S0931",50.0381035275772,"D",1,47.6645840740053,53.1999874204402,43.5724407442953,40.4850364546627,1.41864176138592,68.818619875297,63.5436861475995,7.12019010044182,1.73008452796054,70.5561082597352,5.5404496080493,5.32522504311807,"High School","Quiet"
"S0932",77.9891193181282,"C",1,85.9211630239615,85.3192572041935,93.583001647352,79.3420839418239,2.69177417496623,88.87003172,73.6593661388802,7.33566063543078,2.44589126928222,68.1509776797298,4.60533281263515,6.47598414513338,"Master","Moderate"
"S0933",100,"A",1,94.1421199386954,83.2787722086252,96.6414405573972,95.54716619,4.18231350503035,86.7388150928004,80.8512227012033,7.65110146225148,2.54882657071452,75.8290426721438,7.63342164336358,1.52875529546864,"High School","Noisy"
"S0934",73.74702137,"C",1,68.9129600266477,73.1500684123998,61.916429152638,58.2499818958735,1.56553421686536,72.6660827824273,73.6526968692226,7.31621883143956,3.60942230963739,115.054549805514,8.079237244,1.07605975761397,"High School","Quiet"
"S0935",60.682819151294,"D",1,49.4423607216567,46.7657197918871,51.28060719,54.505547769877,1.52128173268934,70.8575494712346,68.7285300379935,5.99235948151682,4.318522395,79.3383395512936,7.857587249,3.45823459105166,"High School","Noisy"
"S0936",61.2506047388027,"D",1,54.9769029585653,54.5242365470445,44.4767704203072,54.1861337367037,3.57371579806932,61.4376489643782,88.40319457,8.08415226311394,2.90550256805907,115.785978443683,9.16678145826869,1.47996247714996,"High School","Quiet"
"S0937",45.0106158073311,"F",0,41.0114872101107,42.6713888629557,44.1390272942659,57.2269520580843,1.78873192787227,62.6986400596604,68.7143375802212,6.3002121883315,4.59735115656691,46.2261117554077,6.91855501,3.16430983171257,"High School","Noisy"
"S0938",74.2131311089471,"C",1,90.2864343608274,91.2389327597228,94.71259178,101.8260156,1.39044015243597,78.2930840435916,56.9943136808975,7.063219494,2.6808266928979,95.172238094937,4.80674224460239,5.66659443095258,"Bachelor","Noisy"
"S0939",50.1758276125208,"D",1,46.4763095589578,50.023568644653,43.51452978,45.5690642127202,1.66739431282231,68.56503614,64.2558574304459,6.813247304,2.4514183865738,103.101558474787,5.73643078422648,4.23376543392208,"High School","Moderate"
"S0940",91.4895577828076,"A",1,71.7084061532839,69.5309743004347,72.3261446330619,71.1767211406274,4.6949255835071,74.5639754985862,101.158159708991,8.23738233418301,3.70594027928512,91.1215948201376,7.97457984052811,2.5500048425195,"High School","Quiet"
"S0941",67.7695335436331,"C",1,55.0730371377963,57.6385661286768,64.8438243065478,60.0509447078065,4.28588501110476,73.8794347471355,87.6027499621351,7.7854607946853,1.11858180152895,84.6230052203886,7.67873184244936,1.9852014610449,"Bachelor","Moderate"
"S0942",77.0500751707142,"C",1,70.4797901383686,69.182056750449,67.951056617059,78.9956531879588,2.41625824942038,77.6969588509619,61.5037359129497,7.15482877420822,1.39894561817,80.8331503,7.18601877845778,3.08278615598146,"Bachelor","Noisy"
"S0943",76.6414604209075,"C",1,75.8281213593525,79.5221737637901,70.5335834240695,67.6379760721724,3.62328306930957,71.7979595293666,85.0973006541911,7.50500745960143,3.08984771793264,107.483743432083,8.09778651213212,1,"Bachelor","Quiet"
"S0944",99.4277563801588,"A",1,85.6357992038961,88.7126366239613,93.0441162162091,76.7039218771227,3.14910269467215,89.9410382623343,80.7822391765838,6.67019882256738,5.71456355695878,103.948193744805,7.8243451022398,1.48787060293477,"Master","Noisy"
"S0945",60.2524705790278,"D",1,51.3531699468332,46.67597644,61.1661058994871,48.2429959190613,3.70849705393026,73.4328113055552,87.76278762,6.52386881844492,4.60755889921712,41.005984906254,9.287949337,1,"Master","Noisy"
"S0946",63.1705682000009,"D",1,40.6047705762164,46.0346811570916,40.6232489354557,43.5184584920857,3.73068460985104,64.7138177511043,90.9494393160831,7.98811350214086,1.44063284750279,106.372889132779,7.516098265,2.10951170192331,"High School","Noisy"
"S0947",67.3736135561569,"C",1,47.5287096537844,44.8488924282142,52.5860248308262,50.0130776063224,3.51493606023997,59.9564155,88.3373896635558,6.01787700041326,5.23159006390437,67.2661757496398,8.67160815220334,1,"High School","Noisy"
"S0948",86.6390196636177,"B",1,89.5010253016458,93.5413142930515,96.2084048793002,94.849882576565,2.06440547414923,83.2204428790358,71.9379037677119,6.3550897066131,4.66150385304091,52.832714699623,5.49224293579881,3.97421343837811,"High School","Moderate"
"S0949",79.4697373992135,"C",1,88.0639542659383,89.900390832945,84.3515331032464,82.0654666241118,1.15602568305127,84.759113219998,67.5379137709463,5.77847188416299,4.05473262851327,108.279171121253,8.06909550753441,1,"High School","Noisy"
"S0950",73.7776160353146,"C",1,72.857720619367,82.0486390033426,70.4311914425276,61.2770013045226,2.82226712796044,72.91030831,70.6278223755378,5.80758501697645,5.10146480304589,68.8822319670367,9.41316471029605,1.13553576609885,"Bachelor","Moderate"
"S0951",88.5089480842252,"B",1,73.0284273238509,71.9110974119917,79.18279989,77.3184983003617,4.56389553876282,84.97594652,98.1618644600151,7.99765063122091,3.02054923871479,102.752822115914,6.314393967399,3.60309251368961,"Master","Noisy"
"S0952",90.9869761851691,"A",1,76.5770171000441,74.8304331194531,85.0020884935866,72.4360357352179,3.2779890340743,79.0101409086522,85.9125821574277,8.18846273758038,2.10750525426926,53.706325076026,8.674625124,1,"Bachelor","Quiet"
"S0953",70.1024069250784,"C",1,49.6454203242897,49.5483222948511,52.45982463,39.5529810023465,4.32956416680763,51.3059699266081,87.0978302376751,6.96485924066134,3.5601169455438,30.35363893,8.34873580717261,1,"Master","Noisy"
"S0954",92.3862716498678,"A",1,90.2926570258728,88.7767581117014,85.8935852583625,91.01797576,4.96649737184491,86.84310758,92.1506206750372,7.70820309020471,3.74420877796737,74.59132736,4.35715718123094,5.97944424633123,"Bachelor","Noisy"
"S0955",59.5487047038146,"D",1,63.032378869064,67.0320883787743,72.9676844275612,66.99825731,1.65446481655311,69.7754024504454,62.814937533153,6.81247319868098,3.69163186004956,39.0205430978596,7.48904985774443,1.96792819586978,"High School","Quiet"
"S0956",54.4133403317202,"D",1,61.0726190537224,52.9910660115394,58.4177645646625,60.462333393116,3.76711055656793,70.1616767462689,84.3633983531028,6.73068416149589,3.82536895740053,97.8938359972419,4.78113609520481,4.52192244465709,"Master","Quiet"
"S0957",75.40588664,"C",1,68.5404737905561,63.2720616948243,66.86478488,66.2512318596436,3.6971742948001,72.4271400663495,90.7388402655131,6.30519794687401,5.7435245911959,54.8467622462469,9.80391503338355,1,"High School","Noisy"
"S0958",60.5021566600809,"D",1,42.583128172628,37.2441135647321,44.2948173450761,41.78631701,4.91982178943311,65.3267961693474,96.1255239758757,6.284170768,5.51122811548116,69.9281081943131,8.86844501620394,1.47515251897428,"Master","Noisy"
"S0959",58.7148904723978,"D",1,49.1455852815844,53.8971232414522,56.9163873851582,47.2926714695805,4.9424029358112,70.17123153,95.142286766706,6.2788262833815,5.3785851827947,37.8330208582399,4.65834280748272,3.90530473547812,"Master","Moderate"
"S0960",79.5638663,"C",1,80.5918489034504,89.14491577,84.8617287862115,73.8516133437495,3.74671444689652,81.7111902630185,84.4089757854924,7.06957383721184,5.00708405454314,55.7993323602527,4.73051198588607,5.81961649533181,"High School","Quiet"
"S0961",57.6194853821991,"D",1,44.553926735882,44.03168064,46.6282542376915,40.98052335,1.97445916792878,60.5804074322502,75.3377533500588,6.35992566608017,5.71714053632643,100.334121893271,7.56684312947571,1.63286358891691,"High School","Quiet"
"S0962",78.157199305103,"C",1,73.1733660206513,72.3292574,75.4898086712419,75.7797655457204,4.1942233525224,76.3799969862798,92.0074503971087,7.9084989196978,1.49247320839702,43.6429120712088,6.069335045,3.9127369867111,"High School","Moderate"
"S0963",45.5983657585629,"F",0,53.4942010324727,53.8444618480386,53.71177437569,55.1025937393552,1.42811653684415,66.8450985991245,63.384910241657,7.81800537047006,2.3256163072287,88.2443605014262,4.20943515443866,5.75514470486983,"Bachelor","Noisy"
"S0964",77.7855098802105,"C",1,61.4112587723087,67.2206502853497,64.2019563449012,62.2515578021428,4.12279721668651,66.6934791868302,90.6779446733599,7.15150897934549,3.47527972827292,112.568326752405,7.24984904699832,2.22308483476191,"Master","Noisy"
"S0965",64.0078923367439,"D",1,55.87815552,51.2413898514356,43.230355133917,50.90241311,4.64078449657879,70.8337210040504,102.86814663742,5.94506259736077,5.23267246561703,91.1853083781948,6.32707059811508,2.6492696557542,"Master","Quiet"
"S0966",59.0165836169649,"D",1,59.56199941,60.7538443192461,58.0789621102232,58.6544835948939,2.53133357907374,72.0812113220884,71.56747716,6.26581848823388,3.52582855761366,102.9919520363,4.60645895423046,5.107854498,"Master","Moderate"
"S0967",84.4470561712051,"B",1,79.54752479,84.4235129340456,80.75413446,68.6621995529192,3.52254117993232,87.4759685914501,91.8029532540237,6.652338208,4.74017369670794,39.8074466373524,8.8115223535359,2.8138079555393,"High School","Noisy"
"S0968",71.1950810384241,"C",1,56.3416943592746,58.8471652089739,50.5866239411771,57.2340776787016,2.72057092838731,74.44759608,78.2581907784806,7.40593198971416,1.69479952624458,52.56586434,9.49046059167284,1,"Master","Quiet"
"S0969",71.7580760643049,"C",1,71.1522552163293,72.1001632993231,73.0838718053871,78.2965437553972,2.75106021995251,72.147753020214,76.70850529,7.365074995,2.2620690648828,110.508496701653,8.539563604,3.1527494150201,"Master","Noisy"
"S0970",77.4291022005139,"C",1,66.1827721209505,71.18800258,65.1604160160199,58.81211146074,2.241483556,77.1928779330201,84.9193380539962,6.5943088378192,4.65888047518836,94.359505225628,8.93453386009766,1,"High School","Noisy"
"S0971",75.84099638,"C",1,76.5019140949456,62.9857526299495,85.27929259,73.5722757283569,4.0485184818013,73.4961901320005,85.20698737,8.7446858167517,1.82367004443862,87.559844373958,5.2989434035967,4.73642801349193,"High School","Noisy"
"S0972",92.6874535270398,"A",1,91.5256356628617,94.9150122605162,99.390734288936,93.1711695564123,4.74470625666602,89.24247834,95.6786337688252,6.50785297019694,2.75677967327463,89.73900625,5.58143770551161,3.33185148310367,"Master","Quiet"
"S0973",86.4238367981024,"B",1,80.2914653465638,77.0210869309266,77.962437500973,86.5556785187012,4.76300343693784,77.5626616794814,91.4678781735584,6.307727478,2.32433128906786,67.2780498874179,5.25116524179513,3.97756534152739,"Bachelor","Moderate"
"S0974",53.7656588375878,"D",1,51.8217208224916,42.6685563382093,51.0675322646581,49.5805977409909,1.69912513949974,60.7945942943679,71.7535612476782,7.34139587542609,2.74930847111239,34.0100968455888,8.59038058819338,1,"High School","Moderate"
"S0975",61.1889559069593,"D",1,41.7150724283707,44.2710854259956,41.3453346003287,38.2538207820412,4.49897459862626,62.2577629276724,103.435690654521,6.44930264908895,4.54162024538985,100.599738786366,9.68750247360698,1,"Bachelor","Noisy"
"S0976",62.926523568392,"D",1,54.4245224364904,61.2928151623052,52.1662250556923,44.57990672441,3.94972576570849,53.8394255774745,97.8468715641081,7.30626316315077,2.83923590571401,91.0841912593818,8.30102324040342,1.49005880222571,"Bachelor","Moderate"
"S0977",68.1137490191061,"C",1,72.729286188514,72.0420436153755,73.7044111086546,73.2464768350545,2.01134960276116,67.6097652222309,76.23323979,7.159046527,3.7763166130397,72.5524017701452,9.28880058927734,1,"Bachelor","Noisy"
"S0978",51.5931623646277,"D",1,42.8284197416338,47.5927924776485,39.0370093971958,53.0387999423525,1.26913845168606,60.5267504519455,61.7032821778808,8.19215453200783,1.49965938527205,110.978365383143,7.83219456929904,4.0185865731367,"Bachelor","Quiet"
"S0979",74.0239379144397,"C",1,67.3001436,75.3615348860112,61.6470669213804,68.6869359058914,2.07198906753751,74.0622806312082,68.8936857879259,5.73886054995609,5.02508846617314,60.25436985,6.32595940335279,2.50806641096674,"High School","Quiet"
"S0980",79.4511085771297,"C",1,72.8263566904289,79.4009289583491,75.9399128099302,72.7149617945103,4.6488329471261,74.5665844944235,88.13248061,6.86680811259923,2.84944312824062,56.4889569808112,6.55456968958183,3.54812082716676,"Master","Quiet"
"S0981",58.0191966392858,"D",1,58.3834139949328,66.5832366417898,61.53106192,59.9938255487678,3.53271469958309,61.2945255038784,95.5065146717399,6.94157939089037,4.24267079516671,108.55166925715,4.45192859300443,5.7959176888974,"Master","Noisy"
"S0982",70.2392735735446,"C",1,82.40017121,86.1108086613797,78.3785924077202,82.34471119,3.88421864359149,77.1106263923176,91.18707683,6.99714739535086,4.62694800830916,101.728888928309,4.18874317147616,4.74093627987201,"High School","Moderate"
"S0983",43.9829379694197,"F",0,45.8629039223574,46.2400721168654,50.3396810761704,41.7978320610568,2.02860940443638,64.8874985973657,67.8263095200164,8.48223339197664,2.0483046105585,76.348182958351,8.17285362513447,2.51397387031837,"High School","Quiet"
"S0984",58.5774806496254,"D",1,44.1325779954695,36.1227489359836,40.9746893496428,48.248977573858,3.87755262229928,64.9751978508766,95.4158106679276,6.85083950812691,5.42337492476675,41.76612655,6.63057335206708,2.97109963505129,"Bachelor","Noisy"
"S0985",66.2406449607445,"C",1,80.0503815911982,78.8200691505484,81.3162077813881,81.1791892067569,1.1124860251117,79.9440752076194,56.2610376673169,6.74726932464643,4.08112125803476,49.3564324318547,7.31329040832778,1,"Bachelor","Moderate"
"S0986",64.9140268284424,"D",1,67.2520223913409,63.03578941476,71.3537424544032,67.34008865,2.50128538309206,79.4101801,77.0459640020339,6.61169441090145,3.14362570875741,89.06051914,7.3459674857345,3.31388212637007,"High School","Moderate"
"S0987",83.5276127983106,"B",1,77.8621318035255,88.7168453910145,77.69406898,72.9853016671342,3.50701339416932,80.9180510190589,84.2069882702391,7.14435229827316,1.9116759178911,64.653711405637,5.66425487999981,3.21880423589783,"Master","Moderate"
"S0988",64.9048175855478,"D",1,63.915503623206,63.0360745610444,66.1892081839117,70.4330432828798,1.58438626216528,68.220473541812,69.03724832,5.99019718166964,5.71150468950603,105.282587249937,6.85535506497694,2.09686998888396,"Bachelor","Noisy"
"S0989",65.384894177624,"C",1,53.5521118281509,54.16813586,50.969963608713,56.8756255548164,4.29201429778774,65.3735456470174,92.6022752819468,6.89501450805944,4.77534102065813,115.495950839898,6.82456133000621,3.86334075288618,"High School","Noisy"
"S0990",79.3823125324589,"C",1,85.050627472081,87.80805435,84.06829455,82.2860232852445,1.94012519524767,75.5109829500012,62.1466124969206,7.51646187869304,2.04012281366624,102.507323274743,6.33056332736714,3.32227519021441,"High School","Noisy"
"S0991",89.3888148180208,"B",1,83.9678733432939,84.1858855751561,82.9385761888922,88.9769976117036,3.60912445127379,81.4432417196899,86.469126376088,6.53160905249257,2.68855387362112,63.9790880696001,8.92405230040642,1.99371985014508,"High School","Quiet"
"S0992",71.6929194144702,"C",1,78.2083058969935,86.6835610991472,74.4754141642923,75.7204517050674,2.62078857030132,84.6646560446034,81.45220641,6.26753787832267,5.04837129044037,100.981778630828,6.70698402212558,4.50318207323974,"Bachelor","Noisy"
"S0993",61.333460838123,"D",1,54.9679825476479,51.8547357389757,54.084111732069,51.0579650850928,3.38417438191059,70.9104416973788,83.695661789836,7.0952572819027,4.47838831607669,61.6297506123615,7.62186714703593,1.73320439264178,"High School","Quiet"
"S0994",71.6936679318766,"C",1,72.4626866777998,73.43572395,64.719595183481,68.6641710903983,1.42980221051563,83.24138997,68.1735977131018,6.72715473841344,4.82892146357862,45.0390078989071,9.37312072228496,1.42014177367008,"Master","Quiet"
"S0995",51.6025995788043,"D",1,59.8535643317015,56.1412114032112,57.397795595991,50.998221566261,1.06765119968643,68.4123559468558,55.448864568494,7.32252065468699,3.20600551106466,33.0053884379272,9.19740173715353,1,"High School","Quiet"
"S0996",59.2063131974554,"D",1,45.0370140329649,38.4369014768614,43.6126365661165,47.39472594,4.6382577095212,69.2490059890537,96.2512731288628,6.81674646106538,4.58238131321083,64.7145041484918,9.342533223,2.89058269445719,"Bachelor","Noisy"
"S0997",79.1225511288445,"C",1,90.4522466504233,87.3934011958969,89.1713478879465,81.29652226,2.07852003506873,84.2596021929718,67.6626480752444,7.933474783,2.93246861431957,111.320337332755,5.62002997879008,3.6870130166787,"Master","Quiet"
"S0998",50.6012572591506,"D",1,47.5250247005429,47.3398407153008,46.317537471189,41.3828055442141,4.27870801112184,71.12043776,96.52198431,7.501127157,2.05631458469098,51.5087928980109,4.20989492984838,6.81619251111163,"Master","Noisy"
"S0999",89.25307064,"B",1,92.2630544601441,90.1165433375578,91.9542334608435,81.8851144147515,4.9974012018888,86.0222434928614,100.131469830198,6.55797304880261,4.163385174,48.5861848436806,5.56640079937198,5.277389227,"High School","Noisy"
"S1000",64.3503377181926,"D",1,64.5303175126876,61.0682126133183,66.9275251031179,64.09996905,1.84572503199564,75.8013156253652,71.9076187,5.77810159103503,5.88006962799397,117.283870671694,5.67224407372425,4.64384374838468,"High School","Quiet"
